task,lookback,horizon,MAE,RMSE,sMAPE,BASE_MAE,BASE_RMSE,BASE_sMAPE,Params,Train_Wall_Sec,Train_CPU_Sec,Avg_CPU_Usage_Pct,Peak_RAM_MB,Infer_Wall_Sec,Infer_CPU_Sec,Infer_Avg_CPU_Pct,Latency_ms_per_sample,Size_MB,Train_Params,Deploy_Params,Train_Size_MB,Deploy_Size_MB,model,variant,source_file,RAW_MAE,RAW_RMSE,RAW_sMAPE,Repairs_Total,Cells_Changed,Repair_Cell_Rate_Pct,Mean_Abs_Adjustment,Max_Adjustment,Repairs_ByKind_JSON,Repairs_ByTarget_JSON,Repairs_After_Total,RMSE_ratio,MAE_ratio,RMSE_gain,_log_latency,_log_traincpu,_log_infercpu,_log_ram,_log_params,acc_n,lat_n,traincpu_n,infercpu_n,ram_n,param_n,compute_power_n,compute_only_score,compute_latency_score,final_score,is_pareto
ENERGY,168,12,211.1002349853516,351.0859680175781,61.48506927490234,529.033447265625,855.05517578125,71.33252716064453,54020,1221.1699092388153,2008.93,164.50863919929165,1172.85546875,8.705296516418457,12.580000000000156,144.50972435314395,0.9950047452758553,0.798832893371582,54020.0,54020.0,0.798832893371582,0.798832893371582,CNN,baseline,artifacts_cnn_baseline/summary_lb168.csv,,,,,,,,,,,,0.410600365873227,0.3990300350128123,0.589399634126773,-0.002174848056078721,3.3029648042727024,1.0996806411092555,3.0692444972035893,4.732554579851432,0.0,0.4406406896797302,0.3797305054857661,1.0,0.0,0.0,0.3449326263714415,0.3449326263714415,0.3927866580255859,0.10347978791143245,True
ENERGY,168,72,319.99237060546875,506.4381713867188,68.9103775024414,686.125244140625,1039.2296142578125,80.29064178466797,65720,826.1395711898804,1316.2199999999998,159.3217473052721,1493.85546875,8.633229494094849,12.510000000000218,144.9052177815624,0.9935814816543732,0.9327306747436525,65720.0,65720.0,0.9327306747436525,0.9327306747436525,CNN,baseline,artifacts_cnn_baseline/summary_lb168.csv,,,,,,,,,,,,0.4873207657274102,0.4663760346061311,0.5126792342725898,-0.0027965114612413943,3.119328485631008,1.0972573096934275,3.174308581307552,4.817697554763024,0.0,0.17995469988925408,0.0,1.0,0.0,0.0,0.25,0.25,0.21497734994462703,0.075,True
WEATHER,168,12,10.181638717651367,33.799949645996094,64.7132339477539,39.45635223388672,127.92732238769533,56.39146423339844,56168,1224.266182422638,2009.33,164.125255508066,1591.2109375,8.761675596237183,12.659999999999854,144.4929096146502,1.0014488051476949,0.8234148025512695,56168.0,56168.0,0.8234148025512695,0.8234148025512695,CNN,baseline,artifacts_cnn_baseline/summary_lb168.csv,,,,,,,,,,,,0.2642121246277791,0.2580481504548893,0.7357878753722209,0.0006287527208092703,3.3030512684603535,1.1024337056813314,3.201727755334812,4.749488960026619,0.0,0.37714829407629347,0.2665558707353004,1.0,0.5695522721363384,0.0,0.4590270357179097,0.4590270357179097,0.4180876648971016,0.1377081107153729,True
WEATHER,168,24,11.514902114868164,36.48455047607422,66.93452453613281,38.39455795288086,125.04253387451172,57.98476791381836,60848,1298.632943868637,2012.17,154.94524526736024,1615.54296875,8.909822463989258,12.980000000001382,145.6819151275182,1.0197805269531026,0.8769750595092773,60848.0,60848.0,0.8769750595092773,0.8769750595092773,CNN,baseline,artifacts_cnn_baseline/summary_lb168.csv,,,,,,,,,,,,0.2917771205171557,0.2999097457769758,0.7082228794828442,0.008506714713669112,3.303664669695538,1.1132746924643966,3.208318513478919,4.784246308067507,0.0,0.24511941350522592,0.4235162032471959,1.0,0.5769758167561712,0.0,0.5001230050008418,0.5001230050008418,0.3726212092530339,0.15003690150025253,True
WEATHER,168,72,13.101600646972656,39.756290435791016,69.66119384765625,39.72954177856445,126.7149658203125,62.46107864379883,79568,631.8124809265137,1018.4299999999984,161.191814145003,1742.6875,8.695170879364014,12.63000000000102,145.2530395920731,1.0007101944255972,1.0912084579467771,79568.0,79568.0,1.0912084579467771,1.0912084579467771,CNN,baseline,artifacts_cnn_baseline/summary_lb168.csv,,,,,,,,,,,,0.3137458166714649,0.3297697396057339,0.6862541833285352,0.0003083240480598681,3.007931183892416,1.1014033505553658,3.241219516086869,4.90073844188815,0.0,0.16221021345631945,0.0,1.0,0.6193073943983994,0.0,0.40482684859959983,0.40482684859959983,0.28351853102795965,0.12144805457987995,True
ENERGY,168,24,261.933349609375,433.2270812988281,65.62757873535156,582.3920288085938,910.6978149414062,74.27828979492188,56360,1074.9897291660309,1710.9300000000003,159.15779970542857,1384.90234375,8.63237977027893,12.61999999999989,146.19375347051155,0.9880256117979777,0.8256120681762695,56360.0,56360.0,0.8256120681762695,0.8256120681762695,CNN,baseline,artifacts_cnn_baseline/summary_lb168.csv,,,,,,,,,,,,0.4757089280231788,0.4497543521418291,0.5242910719768212,-0.005231797397832464,3.2332322414314443,1.1010593549081118,3.1414191502482747,4.750970984437319,0.0,0.3568061135190853,0.33108399988290826,1.0,0.0,0.0,0.33277099997072707,0.33277099997072707,0.34478855674490616,0.09983129999121812,True
ENERGY,24,12,216.21543884277344,359.9333190917969,60.94585037231445,529.033447265625,855.05517578125,71.33252716064453,54020,478.0403211116791,607.13,127.00393108851654,943.609375,4.814857482910156,6.269999999999982,130.22192291785802,0.5503323217407883,0.7987556457519531,54020.0,54020.0,0.7987556457519531,0.7987556457519531,CNN,baseline,artifacts_cnn_baseline/summary_lb24.csv,,,,,,,,,,,,0.4209474771764655,0.4086989961793708,0.5790525228235345,-0.2593749797538961,2.7832816931143527,0.7972675408307152,2.9747922470615253,4.732554579851432,0.0,0.5966196606290124,1.0,1.0,1.0,0.0,0.75,0.75,0.6733098303145062,0.22499999999999998,True
ENERGY,24,24,276.7046813964844,442.7453918457031,65.62368774414062,582.3920288085938,910.6978149414062,74.27828979492188,56360,373.6158800125122,605.3299999999999,162.0193445684717,1120.04296875,5.001530647277832,6.479999999999791,129.560337764333,0.5724540056401318,0.8255348205566406,56360.0,56360.0,0.8255348205566406,0.8255348205566406,CNN,baseline,artifacts_cnn_baseline/summary_lb24.csv,,,,,,,,,,,,0.4861605952949262,0.4751175629284314,0.5138394047050738,-0.24225940138829619,2.7819921979693816,0.8115750058705793,3.0492346840389875,4.750970984437319,0.0,0.6149731110377117,0.6025046343732025,1.0,0.9870769495019455,0.0,0.647395395968787,0.647395395968787,0.6311842535032494,0.1942186187906361,True
ENERGY,24,72,353.7128601074219,547.4509887695312,69.3975830078125,686.125244140625,1039.2296142578125,80.29064178466797,65720,332.35238766670227,522.7299999999998,157.28185486189938,1214.546875,4.946871519088745,6.380000000000109,128.97040028998688,0.5693257589007648,0.9326534271240234,65720.0,65720.0,0.9326534271240234,0.9326534271240234,CNN,baseline,artifacts_cnn_baseline/summary_lb24.csv,,,,,,,,,,,,0.5267854007032934,0.5155222944033321,0.4732145992967066,-0.2446391662756053,2.7182774254097475,0.8048206787211698,3.0844142809040047,4.817697554763024,0.0,0.4996718855394897,0.0,1.0,0.4806748829995651,0.0,0.37016872074989127,0.37016872074989127,0.4349203031446905,0.11105061622496738,True
WEATHER,24,12,9.993629455566406,33.6288948059082,64.49517822265625,39.45635223388672,127.92732238769533,56.39146423339844,56168,377.3727836608887,605.4899999999998,160.44877272975248,1311.1953125,4.849900960922241,6.389999999999873,131.75526781859833,0.5543377484195041,0.8233375549316406,56168.0,56168.0,0.8233375549316406,0.8233375549316406,CNN,baseline,artifacts_cnn_baseline/summary_lb24.csv,,,,,,,,,,,,0.262874999478161,0.2532831569509159,0.737125000521839,-0.2562255464984741,2.7821069749263345,0.8055008581583915,3.1176673879701435,4.749488960026619,0.0,0.5914449009831727,1.0,1.0,0.6313608269971543,0.0,0.6578402067492886,0.6578402067492886,0.6246425538662306,0.19735206202478656,True
WEATHER,24,72,12.771480560302734,39.009395599365234,69.26110076904297,39.72954177856445,126.7149658203125,62.46107864379883,79568,271.6687078475952,439.6000000000004,161.8147351172347,1429.10546875,4.998296499252319,6.460000000000036,129.24403346152772,0.5752441591958015,1.0911312103271484,79568.0,79568.0,1.0911312103271484,1.0911312103271484,CNN,baseline,artifacts_cnn_baseline/summary_lb24.csv,,,,,,,,,,,,0.3078515260358591,0.3214605552584826,0.6921484739641409,-0.24014778229323677,2.6430576837514534,0.8102325179950866,3.1550642811393947,4.90073844188815,0.0,0.4311364152257173,0.0,1.0,0.6303078502419135,0.0,0.4075769625604784,0.4075769625604784,0.41935668889309785,0.12227308876814351,True
WEATHER,24,24,11.595548629760742,37.29969024658203,66.81574249267578,38.39455795288086,125.04253387451172,57.98476791381836,60848,378.62416410446167,612.54,161.78048261890686,1347.0078125,5.002431392669678,6.450000000000273,128.93730055852026,0.572557101141087,0.8768978118896484,60848.0,60848.0,0.8768978118896484,0.8768978118896484,CNN,baseline,artifacts_cnn_baseline/summary_lb24.csv,,,,,,,,,,,,0.2982960204886314,0.3020102131138194,0.7017039795113686,-0.2421811946232618,2.7871344541991157,0.8095597146352861,3.1293701145914343,4.784246308067507,0.8719129769565416,0.49697125178476953,0.8452494627937287,1.0,0.6421303545172846,0.0,0.6218449543277533,0.6218449543277533,0.5594081030562614,0.796892570167905,False
ENERGY,72,12,214.63072204589844,357.7714233398437,60.94934844970703,529.033447265625,855.05517578125,71.33252716064453,54020,676.618625164032,1087.16,160.67544693089715,983.0625,6.53519606590271,8.980000000000246,137.40980239067753,0.7469649178080592,0.7987556457519531,54020.0,54020.0,0.7987556457519531,0.7987556457519531,CNN,baseline,artifacts_cnn_baseline/summary_lb72.csv,,,,,,,,,,,,0.4184191072967347,0.4057035016504978,0.5815808927032653,-0.12669979491841224,3.0362934649727333,0.9532763366673163,2.992581129777461,4.732554579851432,0.0,0.5364106270126625,0.5148595613964257,1.0,0.06984753045468721,0.0,0.39617677296277826,0.39617677296277826,0.4662936999877204,0.11885303188883348,True
ENERGY,72,24,269.5316467285156,438.1087341308594,65.41522979736328,582.3920288085938,910.6978149414062,74.27828979492188,56360,644.5193393230438,1036.5200000000002,160.8206203849035,1188.03515625,6.3727126121521,8.859999999999673,139.030277045674,0.7293936834327687,0.8255348205566406,56360.0,56360.0,0.8255348205566406,0.8255348205566406,CNN,baseline,artifacts_cnn_baseline/summary_lb72.csv,,,,,,,,,,,,0.4810692712148942,0.4628010573563296,0.5189307287851058,-0.1370380020068432,3.015577686367978,0.9474337218870347,3.074829292446075,4.750970984437319,0.0,0.4970021497177878,0.5888415608788772,1.0,0.7375365443570527,0.0,0.5815945263089825,0.5815945263089825,0.5392983380133851,0.17447835789269472,True
ENERGY,72,72,337.3047180175781,526.240234375,69.07379150390625,686.125244140625,1039.2296142578125,80.29064178466797,65720,433.3472349643707,719.06,165.93159987720242,1309.76953125,6.321406364440918,8.840000000000146,139.84229917138035,0.7275182833975047,0.9326534271240234,65720.0,65720.0,0.9326534271240234,0.9326534271240234,CNN,baseline,artifacts_cnn_baseline/summary_lb72.csv,,,,,,,,,,,,0.5063753256789405,0.4916080859844376,0.4936246743210595,-0.1381560878693811,2.8567651304131028,0.9464522650130802,3.11719488335656,4.817697554763024,0.0,0.36876022635002775,0.0,1.0,0.3410048146204761,0.0,0.335251203655119,0.335251203655119,0.3520057150025734,0.1005753610965357,True
WEATHER,72,12,10.11081314086914,33.5504150390625,64.70008850097656,39.45635223388672,127.92732238769533,56.39146423339844,56168,635.2872450351715,1094.7900000000004,172.3299198206615,1405.92578125,6.385995626449585,8.890000000000327,139.21086890789013,0.729911490050244,0.8233375549316406,56168.0,56168.0,0.8233375549316406,0.8233375549316406,CNN,baseline,artifacts_cnn_baseline/summary_lb72.csv,,,,,,,,,,,,0.2622615279743343,0.2562531143511362,0.7377384720256657,-0.13672979976075145,3.039330821835772,0.9489017609702297,3.147962394905464,4.749488960026619,0.0,0.4858813116868226,0.4149504572070527,1.0,0.5927148967190903,0.0,0.5019163384815357,0.5019163384815357,0.49389882508417915,0.1505749015444607,True
WEATHER,72,24,11.488865852355955,36.86587524414063,67.28958129882812,38.39455795288086,125.04253387451172,57.98476791381836,60848,655.7027113437653,1043.91,159.2047709945657,1435.68359375,10.25455403327942,8.88000000000011,86.5956722367601,1.1736928045415382,0.8768978118896484,60848.0,60848.0,0.8768978118896484,0.8768978118896484,CNN,baseline,artifacts_cnn_baseline/summary_lb72.csv,,,,,,,,,,,,0.294826680984709,0.2992316220037014,0.7051733190152909,0.06955444209868401,3.0186630578729186,0.9484129657786063,3.1570587375181285,4.784246308067507,0.6290500496947466,0.6090784002892683,0.5488358922722705,1.0,0.6061372081235783,0.0,0.5387432750989622,0.5387432750989622,0.5739108376941153,0.6019580173160113,False
WEATHER,72,72,12.96293830871582,39.63370132446289,69.68900299072266,39.72954177856445,126.7149658203125,62.46107864379883,79568,369.9468107223511,613.4800000000005,165.82924415597236,1517.84375,6.296819925308228,8.80999999999949,139.91189369399416,0.7246886782493069,1.0911312103271484,79568.0,79568.0,1.0911312103271484,1.0911312103271484,CNN,baseline,artifacts_cnn_baseline/summary_lb72.csv,,,,,,,,,,,,0.3127783767914592,0.3262795826079593,0.6872216232085409,-0.13984852357513974,2.7878004089029247,0.9449759084120228,3.181227066681052,4.90073844188815,0.2834584420215059,0.28919212820514956,0.0,1.0,0.5990041465697157,0.0,0.39975103664242895,0.39975103664242895,0.3444715824237893,0.3183462204077828,False
ENERGY,168,12,224.036849975586,366.9640197753906,60.91263961791992,529.033447265625,855.05517578125,71.33252716064453,130819,851.7782785892487,1268.09,148.87559730922754,1183.2265625,5.190781354904175,8.509999999999764,163.94448962793703,0.5932999605559692,1.5445480346679688,130819.0,130819.0,1.5445480346679688,1.5445480346679688,LSTM,baseline,artifacts_lstm_baseline/summary_lb168.csv,,,,,,,,,,,,0.4291699882877162,0.4234833376482107,0.5708300117122838,-0.22672568053550332,3.1031500777699232,0.9299295600845758,3.0730679106657193,5.116670824996667,0.049768942498463004,0.0,0.0,0.379578001653201,0.03768585502145542,0.33117957182743296,0.18711085712552233,0.18711085712552233,0.09355542856276117,0.0909715168865808,True
ENERGY,168,72,336.77618408203125,542.314208984375,69.8622817993164,686.125244140625,1039.2296142578125,80.29064178466797,130819,1108.0698246955872,1819.31,164.18730656254513,2221.87890625,6.824132204055786,11.430000000000293,167.49382424342687,0.7853760161187463,1.5445480346679688,130819.0,130819.0,1.5445480346679688,1.5445480346679688,LSTM,baseline,artifacts_lstm_baseline/summary_lb168.csv,,,,,,,,,,,,0.5218425279111003,0.490837768990477,0.4781574720888997,-0.10492236538585123,3.259906706660261,1.0580462303952929,3.3467203859367594,5.116670824996667,0.23607267786016023,0.00757925625590457,0.3233029080135983,0.8598061879101712,1.0,0.2562404263866434,0.6098373805776032,0.6098373805776032,0.3087083184167539,0.3482020886753931,True
ENERGY,168,24,280.394287109375,451.3100280761719,65.82821655273438,582.3920288085938,910.6978149414062,74.27828979492188,130819,667.2716295719147,1115.4299999999998,167.16280905207964,1423.34765625,5.861482620239258,9.700000000000273,165.48714085591422,0.6708804647177816,1.5445480346679688,130819.0,130819.0,1.5445480346679688,1.5445480346679688,LSTM,baseline,artifacts_lstm_baseline/summary_lb168.csv,,,,,,,,,,,,0.4955650718292416,0.4814528242822629,0.5044349281707584,-0.17335485410533782,3.0474423208613404,0.9867717342662571,3.1533109905623,5.116670824996667,0.0752347441063323,0.0,0.0,0.6015239369190365,0.3513426604374424,0.314860049721446,0.31693166176948123,0.31693166176948123,0.15846583088474062,0.14774381940527698,True
WEATHER,168,12,9.833927154541016,34.553123474121094,65.10848999023438,39.45635223388672,127.92732238769533,56.39146423339844,130694,859.3209908008575,1430.1800000000003,166.43140518039968,2221.87890625,5.700745105743408,9.38000000000011,164.5398948033988,0.6515881935928001,1.5431175231933594,130694.0,130694.0,1.5431175231933594,1.5431175231933594,LSTM,baseline,artifacts_lstm_baseline/summary_lb168.csv,,,,,,,,,,,,0.270099638053898,0.2492355881316111,0.729900361946102,-0.18602679346105902,3.1553907004630872,0.9722028383790695,3.3467203859367594,5.116255650115324,0.018401248165774757,0.0,0.0,0.5287618169788323,1.0,0.23474003564956375,0.440875463157099,0.440875463157099,0.2204377315785495,0.14514351266317202,True
WEATHER,168,24,11.568825721740724,38.19859313964844,67.41581726074219,38.39455795288086,125.04253387451172,57.98476791381836,130694,599.0167365074158,963.9899999999998,160.9287255679317,2221.87890625,6.384529113769531,10.009999999999309,156.78525105963908,0.7307461501395823,1.5431175231933594,130694.0,130694.0,1.5431175231933594,1.5431175231933594,LSTM,baseline,artifacts_lstm_baseline/summary_lb168.csv,,,,,,,,,,,,0.3054847975008479,0.3013142054126027,0.6945152024991521,-0.13623346400000225,2.984072528749983,1.0004340774792886,3.3467203859367594,5.116255650115324,0.25606921656644754,0.0,0.0,0.6192587300366797,1.0,0.2523793282548317,0.4679095145728779,0.4679095145728779,0.23395475728643894,0.3196213059683766,True
WEATHER,168,72,13.14212417602539,41.39027786254883,70.15877532958984,39.72954177856445,126.7149658203125,62.46107864379883,130694,988.292429447174,1534.119999999999,155.22935866848107,2281.44921875,7.126123905181885,11.610000000000582,162.92166898134016,0.8201316498080199,1.5431175231933594,130694.0,130694.0,1.5431175231933594,1.5431175231933594,LSTM,baseline,artifacts_lstm_baseline/summary_lb168.csv,,,,,,,,,,,,0.3266408004342737,0.3307897244139804,0.6733591995657263,-0.0861164278650717,3.185859331776929,1.0648322197385955,3.3582108065462863,5.116255650115324,0.07492826573312888,0.04811988749730886,0.30030046307506125,0.8769742017943067,1.0,0.16700604169521185,0.586070176641145,0.586070176641145,0.31709503206922696,0.22827083900553372,True
WEATHER,24,72,12.114376068115234,39.31292343139648,69.10052490234375,39.72954177856445,126.7149658203125,62.46107864379883,130694,724.1204946041107,1075.9900000000007,148.59267318324737,2082.98046875,3.2234315872192383,5.300000000000182,164.42104808473195,0.3709784310299503,1.5431137084960938,130694.0,130694.0,1.5431137084960938,1.5431137084960938,LSTM,baseline,artifacts_lstm_baseline/summary_lb24.csv,,,,,,,,,,,,0.3102468850218028,0.3049211122452733,0.6897531149781971,-0.4306513398646797,3.0318082351175453,0.7242758696008039,3.3186851977663405,5.116255650115324,0.16989969868738666,0.29644704190564214,1.0,0.8812544665658244,1.0,0.16700604169521185,0.7620651270652591,0.7620651270652591,0.5292560844854506,0.3475493272007484,True
WEATHER,24,24,10.390210151672363,36.6839714050293,66.78309631347656,38.39455795288086,125.04253387451172,57.98476791381836,130694,395.2493672370911,635.8999999999996,160.8857730614794,1986.9765625,2.099096298217773,3.5,166.73841990820796,0.2402536681032131,1.5431137084960938,130694.0,130694.0,1.5431137084960938,1.5431137084960938,LSTM,baseline,artifacts_lstm_baseline/summary_lb24.csv,,,,,,,,,,,,0.2933719452761869,0.2706167411648109,0.7066280547238131,-0.6193299729629612,2.8033888249836134,0.5440680443502757,3.2981927443936847,5.116255650115324,0.3038608295593111,0.1820151111140047,1.0,0.623819460744618,1.0,0.2523793282548317,0.7190496972498625,0.7190496972498625,0.4505324041819336,0.4284174898664765,True
WEATHER,24,12,9.488682746887209,33.96504211425781,64.54989624023438,39.45635223388672,127.92732238769533,56.39146423339844,130694,325.8068902492523,535.4800000000005,164.35502625200522,1986.9765625,1.837714910507202,3.059999999999945,166.51113741877393,0.2100485667513089,1.5431137084960938,130694.0,130694.0,1.5431137084960938,1.5431137084960938,LSTM,baseline,artifacts_lstm_baseline/summary_lb24.csv,,,,,,,,,,,,0.2655026422840573,0.2404855545348082,0.7344973577159427,-0.6776802774876715,2.7287432547162527,0.4857214264815722,3.2981927443936847,5.116255650115324,0.18146657951614,0.17551914658329296,0.18104691192257177,0.555331403082691,1.0,0.27700354991233944,0.5033454662294006,0.5033454662294006,0.33943230640634675,0.2780302455301182,True
ENERGY,24,72,357.7504577636719,561.6823120117188,69.13825225830078,686.125244140625,1039.2296142578125,80.29064178466797,130819,1005.5263125896454,1331.14,132.38241340216797,1963.0625,3.2296862602233887,5.349999999999909,165.65076508793345,0.3716982691015524,1.5445442199707031,130819.0,130819.0,1.5445442199707031,1.5445442199707031,LSTM,baseline,artifacts_lstm_baseline/summary_lb24.csv,,,,,,,,,,,,0.5404795093458296,0.5214069309048022,0.4595204906541704,-0.4298094612916693,3.1242237339345027,0.728353782021221,3.2929341268914065,5.116670824996667,0.18220828267695469,0.35361298343440634,1.0,0.8977600233874756,1.0,0.2562404263866434,0.7885001124435298,0.7885001124435298,0.5710565479389681,0.3640958316069272,True
ENERGY,24,24,273.3381652832031,451.6891479492188,64.97017669677734,582.3920288085938,910.6978149414062,74.27828979492188,130819,481.20409631729126,648.5400000000001,134.77441380140965,1126.33984375,2.2078237533569336,3.679999999999836,166.6799713702011,0.2526981519236504,1.5445442199707031,130819.0,130819.0,1.5445442199707031,1.5445442199707031,LSTM,baseline,artifacts_lstm_baseline/summary_lb24.csv,,,,,,,,,,,,0.4959813678462375,0.4693370646613652,0.5040186321537625,-0.5973979342268824,2.8119367672258746,0.5658478186734983,3.0516694473510566,5.116670824996667,0.07565964236140173,0.2467115699342897,1.0,0.6544914989187217,1.0,0.314860049721446,0.7423378871600419,0.7423378871600419,0.4945247285471658,0.2756631158009938,True
ENERGY,24,12,221.26861572265625,367.3618469238281,60.68185043334961,529.033447265625,855.05517578125,71.33252716064453,130819,346.0456449985504,550.1899999999999,158.99347613587352,900.70703125,1.833036422729492,3.1499999999999773,171.84601249272797,0.2095138213200928,1.5445442199707031,130819.0,130819.0,1.5445442199707031,1.5445442199707031,LSTM,baseline,artifacts_lstm_baseline/summary_lb24.csv,,,,,,,,,,,,0.4296352531731945,0.4182507114934038,0.5703647468268055,-0.6787873219814293,2.740512692588949,0.4983105537895974,2.954583553019273,5.116670824996667,0.05274135438090191,0.18831649339748935,0.0,0.5878646964621663,0.8341157672873163,0.33117957182743296,0.43829000889422887,0.43829000889422887,0.3133032511458591,0.1684059507349,True
WEATHER,72,72,13.765997886657717,42.576358795166016,70.24738311767578,39.72954177856445,126.7149658203125,62.46107864379883,130694,640.0598080158234,909.5500000000002,142.10390788629468,2207.30078125,5.12667441368103,6.899999999999636,134.59017373107045,0.5900189220486858,1.5431137084960938,130694.0,130694.0,1.5431137084960938,1.5431137084960938,LSTM,baseline,artifacts_lstm_baseline/summary_lb72.csv,,,,,,,,,,,,0.336001028130654,0.3464927424379365,0.663998971869346,-0.22913406020606486,2.958826578195798,0.8388490907372325,3.3438615170024537,5.116255650115324,1.0,0.20221533068507694,0.45367010859438445,0.7631342406595824,1.0,0.16700604169521185,0.5959525977372947,0.5959525977372947,0.3990839642111858,0.8787857793211884,False
WEATHER,72,24,11.087684631347656,37.68943405151367,67.14088439941406,38.39455795288086,125.04253387451172,57.98476791381836,130694,399.38575744628906,666.7799999999997,166.9513715920806,2128.3828125,3.245792865753174,5.320000000000164,163.90448251126085,0.37149969849527,1.5431137084960938,130694.0,130694.0,1.5431137084960938,1.5431137084960938,LSTM,baseline,artifacts_lstm_baseline/summary_lb72.csv,,,,,,,,,,,,0.3014129103408697,0.2887827135542115,0.6985870896591302,-0.4300415343714911,2.823982564731398,0.7259116322950615,3.3280497431738714,5.116255650115324,1.0,0.009673919294344252,0.0,0.5041486532567283,1.0,0.2523793282548317,0.43913199537789,0.43913199537789,0.22440295733611712,0.8317395986133669,False
ENERGY,72,24,285.0210876464844,457.3825378417969,66.09679412841797,582.3920288085938,910.6978149414062,74.27828979492188,130819,327.8030323982239,566.3499999999999,172.7714340701958,1269.08984375,5.127544164657593,5.430000000000064,105.89864905361898,0.5868769789009491,1.5445442199707031,130819.0,130819.0,1.5445442199707031,1.5445442199707031,LSTM,baseline,artifacts_lstm_baseline/summary_lb72.csv,,,,,,,,,,,,0.5022330462835514,0.4893973020708317,0.4977669537164486,-0.23145292598203795,2.7530849048466046,0.734799829588852,3.1034923685593903,5.116670824996667,0.08749794132486755,0.35295773878341613,0.0,0.554797569516112,1.0,0.314860049721446,0.4674144048093895,0.4674144048093895,0.4101860717964028,0.20147288037022412,True
WEATHER,72,12,9.72139835357666,34.68882751464844,65.07365417480469,39.45635223388672,127.92732238769533,56.39146423339844,130694,533.9282765388489,805.77,150.91352816587,2128.3828125,2.892561912536621,4.860000000000127,168.0171469774408,0.3306162890086433,1.5431137084960938,130694.0,130694.0,1.5431137084960938,1.5431137084960938,LSTM,baseline,artifacts_lstm_baseline/summary_lb72.csv,,,,,,,,,,,,0.2711604281806238,0.2463836062682774,0.7288395718193762,-0.4806757531472153,2.9062110939322356,0.6866362692623048,3.3280497431738714,5.116255650115324,0.260016343902643,0.0,0.0,0.398037580331635,1.0,0.27700354991233944,0.4187602825609936,0.4187602825609936,0.2093801412804968,0.30763952550014817,True
ENERGY,72,72,357.3572082519531,551.6475219726562,69.93030548095703,686.125244140625,1039.2296142578125,80.29064178466797,130819,624.6699342727661,1014.33,162.3785529522678,2092.83203125,5.12844705581665,6.980000000000018,136.10357919330275,0.5902229319618656,1.5445442199707031,130819.0,130819.0,1.5445442199707031,1.5445442199707031,LSTM,baseline,artifacts_lstm_baseline/summary_lb72.csv,,,,,,,,,,,,0.5308235200424175,0.5208337855278071,0.4691764799575825,-0.22898392084246086,3.0061792704443033,0.8438554226231623,3.3207343736666632,5.116670824996667,0.24205586482021002,0.265960789116525,0.45912467679487173,0.7854093631651163,1.0,0.2562404263866434,0.6251936165866578,0.6251936165866578,0.4455772028515914,0.3569971903501443,True
ENERGY,72,12,222.6255645751953,362.7184753417969,61.073638916015625,529.033447265625,855.05517578125,71.33252716064453,130819,463.6541588306427,742.3000000000001,160.09777672912827,1070.77734375,3.019915580749512,4.980000000000018,164.90527191372792,0.3451726575322336,1.5445442199707031,130819.0,130819.0,1.5445442199707031,1.5445442199707031,LSTM,baseline,artifacts_lstm_baseline/summary_lb72.csv,,,,,,,,,,,,0.4242047596640608,0.4208156700221181,0.5757952403359392,-0.46196361374819545,2.8705794605526846,0.6972293427597192,3.0296991735081242,5.116670824996667,0.013897826110298528,0.010833718661970792,0.0,0.47038017254123676,1.0,0.33117957182743296,0.4503899360921675,0.4503899360921675,0.23061182737706915,0.14484545910485921,True
ENERGY,168,72,446.1552769390883,654.5056310197604,56.64066280614048,685.9558446357155,1039.3666590168075,80.47199631882485,964864,3600.1532320976257,3582.18,99.50076480252608,1541.25390625,25.9112606048584,7.580000000000185,29.25369056949288,3.041227770523286,3.5195846557617188,369112.0,964864.0,1.4125604629516602,3.5195846557617188,dCeNN+ELM+ASP,asp,outputs_energy_full/summary_dcenn_energy_asp.csv,462.2978837221937,658.4953048339797,78.41527338426677,229394.0,229394.0,12.464897409146236,129.709170240607,948.3916015625,"{""bound_low"": 24916, ""pv_night"": 204478}","{""solar"": 204728, ""wind"": 24666}",,0.62971582294057,0.6504139886380346,0.3702841770594299,0.4830489475288937,3.554147404808005,0.8796692056320641,3.187874190308197,5.984466102761455,0.9737504792337373,1.0,1.0,0.22204371009975987,0.07868143964863529,1.0,0.5751812874370987,0.5751812874370987,0.7875906437185494,0.8541797216947457,False
ENERGY,168,24,431.6569131858726,664.2771520884625,59.87681138972395,581.3988516702977,909.73993948578,74.402243893945,817408,4082.0209963321686,4060.68,99.47719533164224,1497.15234375,17.01035737991333,7.239999999999975,42.56230388521598,1.985335828654684,2.997739791870117,350536.0,817408.0,1.3416986465454102,2.997739791870117,dCeNN+ELM+ASP,asp,outputs_energy_full/summary_dcenn_energy_asp.csv,448.89135490159725,672.8722754165672,81.66785166299509,90582.0,90582.0,14.68351229380641,117.541047948805,1069.088134765625,"{""bound_low"": 22038, ""pv_night"": 68544}","{""solar"": 68746, ""wind"": 21836}",,0.7301835648371519,0.7424454175404147,0.2698164351628481,0.29783398021521695,3.608598766463697,0.8597385661971454,3.175265994520528,5.912438883851294,0.9642020308296407,1.0,1.0,0.158609153947836,1.0,1.0,0.789652288486959,0.789652288486959,0.8948261442434795,0.9118371081268362,False
ENERGY,168,12,432.4902549516382,657.0467059187879,58.98025882237318,528.5902486402487,854.9535815920223,71.46606327352953,780544,4281.854960441589,4259.429999999999,99.47627930771206,1481.4921875,16.457443475723267,7.310000000000725,44.41759141256578,1.918116955212502,2.867256164550781,345892.0,780544.0,1.3239984512329102,2.867256164550781,dCeNN+ELM+ASP,asp,outputs_energy_full/summary_dcenn_energy_asp.csv,453.23263877929617,670.0416922723128,80.8332254329916,48005.0,48005.0,15.54163429163429,133.62732041843543,1148.37109375,"{""bound_low"": 13719, ""pv_night"": 34286}","{""solar"": 34506, ""wind"": 13499}",,0.7685174026586219,0.8181956743700437,0.2314825973413781,0.28287508430224767,3.6293514853896993,0.8639173769579035,3.170699365613852,5.89239738967723,0.9592630386008095,1.0,1.0,0.1383105509632669,1.0,1.0,0.7845776377408167,0.7845776377408167,0.8922888188704083,0.9068574183428115,False
ENERGY,72,72,439.64287962822215,630.5756495760494,53.38284099254946,685.7834412290656,1038.8751584756155,80.37422880397304,964864,1530.4370620250702,1521.24,99.39905650135653,1027.7109375,22.640069723129272,3.819999999999828,16.872739557410842,2.627677544467186,3.524886131286621,369112.0,964864.0,1.4125604629516602,3.524886131286621,dCeNN+ELM+ASP,asp,outputs_energy_full/summary_dcenn_energy_asp.csv,446.8078079825381,630.9895069090356,75.13671381619524,207040.0,207040.0,11.124866742322638,64.63275165847162,161.0005645751953,"{""bound_low"": 256, ""pv_night"": 206784}","{""solar"": 207007, ""wind"": 33}",,0.606979235600665,0.6410812119352002,0.393020764399335,0.4195720696964358,3.18219773637594,0.5820633629116891,3.011870978567832,5.984466102761455,0.9960558255695349,1.0,1.0,0.23784743530093608,0.0,1.0,0.559461858825234,0.559461858825234,0.779730929412617,0.8650776355462445,False
ENERGY,72,24,463.6638989033007,657.6354631287597,54.86003349838254,581.803205473479,910.1647565136568,74.307414780932,817408,1590.246622800827,1580.75,99.40282075341868,986.92578125,13.501248359680176,3.6900000000000497,27.330806023980585,1.5583158309880163,3.000164031982422,350536.0,817408.0,1.3416986465454102,3.000164031982422,dCeNN+ELM+ASP,asp,outputs_energy_full/summary_dcenn_energy_asp.csv,469.7961684191212,658.0005863424757,76.72921667853824,69829.0,69829.0,11.193989176156766,55.00528724746766,172.10679626464844,"{""bound_low"": 521, ""pv_night"": 69308}","{""solar"": 69829}",,0.7225455154381066,0.796942840020904,0.2774544845618933,0.19265548270405405,3.198863190485256,0.5670263661590662,2.9942844941027342,5.912438883851294,0.9983414669570392,1.0,1.0,0.20352170807020487,0.0,1.0,0.5508804270175512,0.5508804270175512,0.7754402135087757,0.8641031549751927,False
ENERGY,24,72,401.883669983465,618.5864059437496,58.052488786237056,685.9860769125543,1039.1300869789088,80.32403324551134,964864,551.3908643722534,548.11,99.40498390810508,778.77734375,21.25124430656433,2.139999999999993,10.06999858045472,2.452821365023584,3.519770622253418,369112.0,964864.0,1.4125604629516602,3.519770622253418,dCeNN+ELM+ASP,asp,outputs_energy_full/summary_dcenn_energy_asp.csv,416.39055900841794,625.4957790696755,79.920070947428,270054.0,270054.0,14.43040166204986,100.70491314832763,954.7716064453124,"{""bound_low"": 62122, ""pv_night"": 207932}","{""solar"": 209344, ""wind"": 60710}",,0.5952925564326428,0.5858481440209964,0.4047074435673572,0.3896659203998293,2.738867725635786,0.3304137733491894,2.8914133085035156,5.984466102761455,0.9115285647548109,1.0,0.050721732883507564,0.36569479077494954,0.0,1.0,0.3541041309146143,0.3541041309146143,0.6770520654573071,0.7443012346027519,False
ENERGY,24,24,370.8048413229136,557.0095827023075,53.24619481580304,582.3679981634527,910.7851314639736,74.29024233054237,817408,549.4965152740479,545.2599999999999,99.22901871872016,729.90234375,11.726405620574951,1.880000000000116,16.032193161572888,1.3460061547951043,2.9977378845214844,350536.0,817408.0,1.3416986465454102,2.9977378845214844,dCeNN+ELM+ASP,asp,outputs_energy_full/summary_dcenn_energy_asp.csv,383.8054245476001,561.0095691616388,75.06379260345956,82557.0,82557.0,13.161443985307622,98.96822602383536,665.9114990234375,"{""bound_low"": 12861, ""pv_night"": 69696}","{""solar"": 69927, ""wind"": 12630}",,0.6115707903652131,0.6367191234619308,0.3884292096347869,0.12904704576272752,2.7366036392300943,0.2741578492637067,2.863264758192278,5.912438883851294,0.9661653864720291,1.0,0.0,0.24435631908454594,0.0,1.0,0.3110890797711365,0.3110890797711365,0.6555445398855683,0.7696424944617613,False
ENERGY,24,12,325.31910899915204,496.3227041221942,51.308315037668976,529.199573972184,855.5122188501103,71.35719002826714,780544,598.5140931606293,574.58,96.00108110500152,712.80078125,12.465113878250122,1.9799999999999447,15.884331417579489,1.4288301098406837,2.8672914505004883,345892.0,780544.0,1.3239984512329102,2.8672914505004883,dCeNN+ELM+ASP,asp,outputs_energy_full/summary_dcenn_energy_asp.csv,340.2349606668041,501.0492531780019,73.1017628710132,43757.0,43757.0,13.93251057109379,107.23779139679344,654.286376953125,"{""bound_low"": 8893, ""pv_night"": 34864}","{""solar"": 34971, ""wind"": 8786}",,0.5801468327235565,0.6147380402393351,0.4198531672764435,0.154980593560063,2.759350504982059,0.296665190261519,2.8529681670282265,5.89239738967723,0.9664601885777939,1.0,0.4404548191842956,0.3098809840654017,0.0,1.0,0.4375839508124243,0.4375839508124243,0.7187919754062122,0.8077973172481829,False
ENERGY,72,12,498.9753018741153,713.451158678571,54.52784623768245,528.975212591568,855.3350395664244,71.37976784698094,780544,1566.5640103816986,1557.5500000000002,99.4245999319554,976.7734375,12.803889513015749,3.569999999999819,27.882152500384738,1.4757825625882603,2.8682775497436523,345892.0,780544.0,1.3239984512329102,2.8682775497436523,dCeNN+ELM+ASP,asp,outputs_energy_full/summary_dcenn_energy_asp.csv,506.40212843665057,713.9637225966042,76.31325003816134,34778.0,34778.0,11.134803544900365,66.92556504790475,258.6205444335937,"{""bound_low"": 106, ""pv_night"": 34672}","{""solar"": 34778}",,0.8341189424909142,0.9432867363094816,0.1658810575090857,0.1690223745436681,3.1924419971453655,0.5526682161121712,2.9897938408385163,5.89239738967723,0.9985605177793503,1.0,1.0,0.1713630359450196,0.0,1.0,0.542840758986255,0.542840758986255,0.7714203794931275,0.8618445901414217,False
ENERGY,168,72,462.2978837221937,658.4953048339797,78.41527338426677,685.9558446357155,1039.3666590168075,80.47199631882485,964864,3600.1532320976257,3582.18,99.50076480252608,1541.25390625,6.622573852539063,6.570000000000164,99.20614169491304,0.7772974005327539,3.5195846557617188,369112.0,964864.0,1.4125604629516602,3.5195846557617188,dCeNN+ELM,raw,outputs_energy_full/summary_dcenn_energy_raw.csv,,,,,,,,,,,,0.6335543853762685,0.6739470001421177,0.3664456146237315,-0.1094127846760496,3.554147404808005,0.8175653695597916,3.187874190308197,5.984466102761455,1.0,0.0,1.0,0.0,0.07868143964863529,1.0,0.5196703599121588,0.5196703599121588,0.2598351799560794,0.8559011079736476,True
ENERGY,168,12,453.23263877929617,670.0416922723128,80.83322543299158,528.5902486402487,854.9535815920223,71.46606327352953,780544,4281.854960441589,4259.429999999999,99.47627930771206,1481.4921875,6.714092493057251,6.700000000000728,99.79010576528256,0.7825282625940851,2.867256164550781,345892.0,780544.0,1.3239984512329102,2.867256164550781,dCeNN+ELM,raw,outputs_energy_full/summary_dcenn_energy_raw.csv,,,,,,,,,,,,0.783717042303767,0.857436624957036,0.2162829576962329,-0.10649996807289105,3.6293514853896993,0.8260748027008736,3.170699365613852,5.89239738967723,1.0,0.23592137366765978,1.0,0.0,1.0,1.0,0.75,0.75,0.4929606868338299,0.9249999999999999,False
ENERGY,168,24,448.89135490159725,672.8722754165672,81.66785166299509,581.3988516702977,909.73993948578,74.402243893945,817408,4082.0209963321686,4060.68,99.47719533164224,1497.15234375,6.530099391937256,6.519999999999982,99.84534091548832,0.7621497889749365,2.997739791870117,350536.0,817408.0,1.3416986465454102,2.997739791870117,dCeNN+ELM,raw,outputs_energy_full/summary_dcenn_energy_raw.csv,,,,,,,,,,,,0.7396314553331578,0.7720884786957849,0.2603685446668422,-0.1179596662820495,3.608598766463697,0.814247595731919,3.175265994520528,5.912438883851294,1.0,0.11756472944263867,1.0,0.0,1.0,1.0,0.75,0.75,0.4337823647213193,0.9249999999999999,False
ENERGY,72,72,446.8078079825381,630.9895069090356,75.13671381619524,685.7834412290656,1038.8751584756155,80.37422880397304,964864,1530.4370620250702,1521.24,99.39905650135653,1027.7109375,2.9602861404418945,2.939999999999827,99.31472366252272,0.3435800998655866,3.524886131286621,369112.0,964864.0,1.4125604629516602,3.524886131286621,dCeNN+ELM,raw,outputs_energy_full/summary_dcenn_energy_raw.csv,,,,,,,,,,,,0.607377606212966,0.6515290121058706,0.392622393787034,-0.4639719984171838,3.18219773637594,0.4683473304121318,3.011870978567832,5.984466102761455,1.0,0.0,1.0,0.0,0.0,1.0,0.5,0.5,0.25,0.85,True
ENERGY,24,12,340.2349606668041,501.0492531780019,73.1017628710132,529.199573972184,855.5122188501103,71.35719002826714,780544,598.5140931606293,574.58,96.00108110500152,712.80078125,1.1708145141601562,1.17999999999995,100.78453809110684,0.134206157056414,2.8672914505004883,345892.0,780544.0,1.3239984512329102,2.8672914505004883,dCeNN+ELM,raw,outputs_energy_full/summary_dcenn_energy_raw.csv,,,,,,,,,,,,0.5856716504311991,0.642923723677614,0.4143283495688009,-0.8722275593213736,2.759350504982059,0.07188200730610697,2.8529681670282265,5.89239738967723,1.0,0.0,0.4404548191842956,0.0,0.0,1.0,0.3601137047960739,0.3601137047960739,0.18005685239803695,0.8080341114388221,True
ENERGY,72,12,506.40212843665057,713.9637225966042,76.31325003816134,528.975212591568,855.3350395664244,71.37976784698094,780544,1566.5640103816986,1557.5500000000002,99.4245999319554,976.7734375,2.9474411010742188,2.949999999999818,100.08681764411396,0.3397235017374618,2.8682775497436523,345892.0,780544.0,1.3239984512329102,2.8682775497436523,dCeNN+ELM,raw,outputs_energy_full/summary_dcenn_energy_raw.csv,,,,,,,,,,,,0.8347181976299215,0.9573267638679556,0.1652818023700785,-0.46887440802593083,3.1924419971453655,0.4698220159781362,2.9897938408385163,5.89239738967723,1.0,0.0,1.0,0.0,0.0,1.0,0.5,0.5,0.25,0.85,True
ENERGY,24,72,416.39055900841794,625.4957790696755,79.92007094742802,685.9860769125543,1039.1300869789088,80.32403324551134,964864,551.3908643722534,548.11,99.40498390810508,778.77734375,1.1471128463745115,1.1399999999999864,99.3799349037886,0.1323999130164487,3.519770622253418,369112.0,964864.0,1.4125604629516602,3.519770622253418,dCeNN+ELM,raw,outputs_energy_full/summary_dcenn_energy_raw.csv,,,,,,,,,,,,0.6019417461852113,0.6069956417810743,0.3980582538147886,-0.8781123002172309,2.738867725635786,0.056904851336467395,2.8914133085035156,5.984466102761455,1.0,0.0,0.050721732883507564,0.0,0.0,1.0,0.26268043322087686,0.26268043322087686,0.13134021661043843,0.778804129966263,True
ENERGY,24,24,383.8054245476001,561.0095691616389,75.06379260345958,582.3679981634527,910.7851314639736,74.29024233054237,817408,549.4965152740479,545.2599999999999,99.22901871872016,729.90234375,1.272916555404663,1.2600000000001046,98.98527870112804,0.1461107157259714,2.9977378845214844,350536.0,817408.0,1.3416986465454102,2.9977378845214844,dCeNN+ELM,raw,outputs_energy_full/summary_dcenn_energy_raw.csv,,,,,,,,,,,,0.6159625907154251,0.6590427800943092,0.3840374092845748,-0.8353179318411913,2.7366036392300943,0.10037054511759895,2.863264758192278,5.912438883851294,1.0,0.0,0.0,0.0,0.0,1.0,0.25,0.25,0.125,0.7749999999999999,True
ENERGY,72,24,469.7961684191212,658.0005863424757,76.72921667853824,581.803205473479,910.1647565136568,74.307414780932,817408,1590.246622800827,1580.75,99.40282075341868,986.92578125,2.984811305999756,2.950000000000045,98.83371836840284,0.3445073067866754,3.000164031982422,350536.0,817408.0,1.3416986465454102,3.000164031982422,dCeNN+ELM,raw,outputs_energy_full/summary_dcenn_energy_raw.csv,,,,,,,,,,,,0.7229466771081262,0.8074829495598845,0.2770533228918738,-0.46280156254160504,3.198863190485256,0.46982201597816964,2.9942844941027342,5.912438883851294,1.0,0.0,1.0,0.0,0.0,1.0,0.5,0.5,0.25,0.85,True
WEATHER,168,72,13.4567110602457,53.11649040548609,54.59283726850924,40.17272868357136,127.76201798530056,62.40049992254385,1553152,4005.564582824707,3985.03,99.48734860217318,1124.34375,36.7606725692749,7.809999999999906,21.2455307646564,4.314632930666068,5.620267868041992,373936.0,1553152.0,1.430150032043457,5.620267868041992,dCeNN+ELM+ASP,asp,outputs_weather_full/summary_dcenn_weather_asp.csv,15.45841903912111,62.07235078379482,73.93846144638299,439558.0,439558.0,11.942433924534864,16.83714219241364,13820.5380859375,"{""boost_hum"": 3204, ""bound"": 143635, ""night"": 204406, ""noise_gate"": 88313}","{""hum"": 24334, ""precip"": 146549, ""press"": 2232, ""rad"": 255266, ""temp"": 740, ""wind"": 10437}",,0.4157455497579641,0.3349712977238832,0.5842544502420359,0.6349438538247598,3.600431595188948,0.8926510338772952,3.050899110080476,6.191213960255898,0.592684973164224,1.0,1.0,0.2977542719343403,0.0,1.0,0.5744385679835851,0.5744385679835851,0.7872192839917925,0.5872110516100323,False
WEATHER,168,24,13.281484134928856,42.43960738017287,53.45342794128213,38.84029604099448,126.06530647501114,58.03366037188056,1258240,5506.342036724091,5478.84,99.50053889604628,1046.0390625,24.385655164718628,7.550000000000396,30.960824915312507,2.846131555172576,4.554695129394531,336784.0,1258240.0,1.288426399230957,4.554695129394531,dCeNN+ELM+ASP,asp,outputs_weather_full/summary_dcenn_weather_asp.csv,14.938592469469045,43.53139164219405,71.82354603635945,129400.0,129400.0,10.487991492893451,15.856575396055035,714.9567260742188,"{""boost_hum"": 873, ""bound"": 28623, ""night"": 68518, ""noise_gate"": 31386}","{""hum"": 1492, ""precip"": 41967, ""press"": 370, ""rad"": 85333, ""wind"": 238}",,0.336647794439662,0.3419511561114365,0.663352205560338,0.4542549703670518,3.7386886178043537,0.877946951629211,3.0195479028022287,6.099763487480004,0.8382163025736734,1.0,1.0,0.20596867612771885,0.0,1.0,0.5514921690319297,0.5514921690319297,0.7757460845159648,0.7521990625111502,False
WEATHER,72,72,11.436178194554044,38.60445670991936,48.061049813126125,39.91104841772916,127.15914306320045,62.46050476487576,1553152,1472.2221148014069,1461.45,99.26830912991278,867.53125,33.50679922103882,4.70999999999989,14.056848488955326,3.8889042735653225,5.598578453063965,373936.0,1553152.0,1.430150032043457,5.598578453063965,dCeNN+ELM+ASP,asp,outputs_weather_full/summary_dcenn_weather_asp.csv,12.977114582743324,39.31656241069992,69.91108587458697,473407.0,473407.0,12.718773642491144,12.187268715011497,171.8732452392578,"{""boost_hum"": 1942, ""bound"": 156474, ""night"": 206723, ""noise_gate"": 108268}","{""hum"": 5663, ""precip"": 196211, ""press"": 9184, ""rad"": 262237, ""wind"": 112}",,0.3035916708775862,0.286541663222097,0.6964083291224137,0.5898272530024303,3.1647839616054982,0.6730209071288861,2.938285127795036,6.191213960255898,0.0,1.0,1.0,0.39302026295794423,0.0,1.0,0.5982550657394861,0.5982550657394861,0.799127532869743,0.1794765197218458,True
WEATHER,72,24,10.138128978011355,35.58929255260128,43.29225430487353,38.56908919882533,125.46555427592766,58.02836849586852,1258240,1522.678816318512,1509.0300000000002,99.10363129950731,783.26953125,21.5328266620636,4.300000000000086,19.969510122773613,2.485321636895614,4.553918838500977,336784.0,1258240.0,1.288426399230957,4.553918838500977,dCeNN+ELM+ASP,asp,outputs_weather_full/summary_dcenn_weather_asp.csv,11.73889326109616,36.418450911884825,67.68184509698247,179210.0,179210.0,14.364195393454397,11.258810091434864,141.96060180664062,"{""boost_hum"": 629, ""bound"": 69936, ""night"": 69297, ""noise_gate"": 39348}","{""hum"": 2827, ""precip"": 81936, ""press"": 6601, ""rad"": 87767, ""wind"": 79}",,0.2836578753267366,0.2628563232527632,0.7163421246732633,0.395382600751405,3.1786978737748925,0.6334684555795952,2.893911233056894,6.099763487480004,0.0,1.0,1.0,0.29813607367378303,0.0,1.0,0.5745340184184458,0.5745340184184458,0.7872670092092229,0.17236020552553372,True
WEATHER,168,12,12.917234176931055,67.28684379754273,52.64803912378279,39.92090424394347,128.96929969543163,56.47545387099709,2050816,5210.97647023201,5120.92,98.27179280608036,1023.0078125,17.47323703765869,7.45999999999982,42.69386367232282,2.0365078132469336,7.33537483215332,327496.0,2050816.0,1.252964973449707,7.33537483215332,dCeNN+ELM+ASP,asp,outputs_weather_full/summary_dcenn_weather_asp.csv,14.550188702967525,75.3392189475255,72.66661360980791,73105.0,73105.0,11.83388370888371,13.870852977317394,9289.826171875,"{""boost_hum"": 349, ""bound"": 23602, ""night"": 34277, ""noise_gate"": 14877}","{""hum"": 1690, ""precip"": 27397, ""press"": 905, ""rad"": 42623, ""temp"": 49, ""wind"": 441}",,0.5217276046039169,0.3235706811147807,0.4782723953960831,0.3088860806353825,3.7093479912552247,0.8727388274726583,3.00987895034235,6.311926697048352,0.8048569762147045,1.0,1.0,0.16885298164298124,0.0,1.0,0.5422132454107453,0.5422132454107453,0.7711066227053727,0.7260638569735167,False
WEATHER,24,72,11.894584945565176,39.670646707622126,48.50955099973776,39.78598080325433,126.85589146155344,62.48366789595262,1553152,513.922824382782,510.5899999999999,99.35149321558453,751.79296875,31.7809374332428,2.450000000000055,7.709023703741853,3.66815990688398,5.596680641174316,373936.0,1553152.0,1.430150032043457,5.596680641174316,dCeNN+ELM+ASP,asp,outputs_weather_full/summary_dcenn_weather_asp.csv,13.896363292716858,40.8412785278144,71.03086499965045,498380.0,498380.0,13.31552870968845,15.10476597415392,188.9067230224609,"{""boost_hum"": 2145, ""bound"": 182486, ""night"": 207892, ""noise_gate"": 105857}","{""hum"": 7753, ""precip"": 217143, ""press"": 12232, ""rad"": 260976, ""wind"": 276}",,0.3127221467648186,0.2989642257252571,0.6872778532351813,0.5644482597034379,2.7080723048134185,0.3891660843645422,2.8760982595962616,6.191213960255898,0.34546679605300606,1.0,0.1672399455987907,0.41831424087946867,0.0,1.0,0.39638854661956485,0.39638854661956485,0.6981942733097825,0.3607433212229737,False
WEATHER,24,24,10.28676049125994,36.39303015661002,43.29924000536373,38.44757050083864,125.17467111274765,58.00116194723755,1258240,502.8704741001129,499.29,99.28799277656536,670.578125,19.96621346473694,2.2099999999999715,11.068698648860655,2.291805953252633,4.553406715393066,336784.0,1258240.0,1.288426399230957,4.553406715393066,dCeNN+ELM+ASP,asp,outputs_weather_full/summary_dcenn_weather_asp.csv,12.148398127026578,37.478088100808165,68.1510820031357,185777.0,185777.0,14.808517625752474,12.687640456698889,166.7052459716797,"{""boost_hum"": 458, ""bound"": 76195, ""night"": 69683, ""noise_gate"": 39441}","{""hum"": 3350, ""precip"": 86707, ""press"": 7297, ""rad"": 88247, ""wind"": 176}",,0.2907379730507117,0.2675529391651754,0.7092620269492883,0.3601778432258849,2.6983528679010744,0.3443922736851051,2.826449382157604,6.099763487480004,0.0,1.0,0.0,0.3408948062557544,0.0,1.0,0.3352237015639386,0.3352237015639386,0.6676118507819693,0.10056711046918158,True
WEATHER,24,12,9.391851714212937,34.47886403832399,39.84362722737191,39.50533679371525,128.05605265187893,56.39579430511263,1184512,524.4414281845093,521.13,99.36857997737276,643.40625,12.545160055160522,2.180000000000028,17.377219504690757,1.4380055083861214,4.292821884155273,327496.0,1184512.0,1.252964973449707,4.292821884155273,dCeNN+ELM+ASP,asp,outputs_weather_full/summary_dcenn_weather_asp.csv,11.177294393768191,35.51699116879367,66.00634375427289,97847.0,97847.0,15.577557440521678,11.610761269911404,166.1526641845703,"{""boost_hum"": 153, ""bound"": 41873, ""night"": 34854, ""noise_gate"": 20967}","{""hum"": 1959, ""precip"": 46916, ""press"": 4558, ""rad"": 44364, ""wind"": 50}",,0.2692482184505148,0.237736277588369,0.7307517815494853,0.15776054964708275,2.7169460750079297,0.33845649360461044,2.808485275290428,6.073539464811747,0.44013830373946883,1.0,0.0,0.35055246925901445,0.0,1.0,0.3376381173147536,0.3376381173147536,0.6688190586573768,0.40938824781205424,False
WEATHER,72,12,10.742035702540194,37.12278887336706,45.12726135962985,39.632072855009554,128.35081553602237,56.42109658490906,1184512,1697.2491581439972,1686.63,99.37433121748548,768.92578125,14.639437437057495,4.109999999999995,28.07484930804895,1.6873487133537914,4.293296813964844,327496.0,1184512.0,1.252964973449707,4.293296813964844,dCeNN+ELM+ASP,asp,outputs_weather_full/summary_dcenn_weather_asp.csv,12.338807263017754,38.05420909357802,69.38937751790203,90743.0,90743.0,14.526503509041545,11.14441799087347,288.84014892578125,"{""boost_hum"": 324, ""bound"": 34736, ""night"": 34662, ""noise_gate"": 21021}","{""hum"": 1911, ""precip"": 40486, ""press"": 4025, ""rad"": 44019, ""wind"": 302}",,0.2892290845082169,0.2710440037249304,0.7107709154917832,0.22720484467284666,3.2270198208331244,0.6138418218760687,2.8858844225723987,6.073539464811747,0.7879631517804944,1.0,1.0,0.23095680503909174,0.0,1.0,0.5577392012597729,0.5577392012597729,0.7788696006298865,0.7188959666242779,False
WEATHER,168,24,14.938592469469045,43.53139164219405,71.82354603635945,38.84029604099448,126.06530647501114,58.03366037188056,1258240,5506.342036724091,5478.84,99.50053889604628,1046.0390625,6.603230953216553,6.5600000000004,99.34530605513513,0.7706852186293829,4.554695129394531,336784.0,1258240.0,1.288426399230957,4.554695129394531,dCeNN+ELM,raw,outputs_weather_full/summary_dcenn_weather_raw.csv,,,,,,,,,,,,0.3453082601343817,0.3846158240838724,0.6546917398656182,-0.11312297049271818,3.7386886178043537,0.8169038393756868,3.0195479028022287,6.099763487480004,1.0,0.03913792745501657,1.0,0.0,0.0,1.0,0.5,0.5,0.26956896372750827,0.85,False
WEATHER,24,12,11.177294393768191,35.51699116879367,66.0063437542729,39.50533679371525,128.05605265187893,56.39579430511263,1184512,524.4414281845093,521.13,99.36857997737276,643.40625,1.2166986465454102,1.2200000000000273,100.27133698751048,0.1394656862156591,4.292821884155273,327496.0,1184512.0,1.252964973449707,4.292821884155273,dCeNN+ELM,raw,outputs_weather_full/summary_dcenn_weather_raw.csv,,,,,,,,,,,,0.2773550365896919,0.2829312518491441,0.722644963410308,-0.8555326319624456,2.7169460750079297,0.08635983067475794,2.808485275290428,6.073539464811747,1.0,0.0,0.0,0.0,0.0,1.0,0.25,0.25,0.125,0.7749999999999999,True
WEATHER,24,24,12.148398127026578,37.478088100808165,68.1510820031357,38.44757050083864,125.17467111274765,58.00116194723755,1258240,502.8704741001129,499.29,99.28799277656536,670.578125,1.2671594619750977,1.2699999999999818,100.2241657905041,0.1454498923295566,4.553406715393066,336784.0,1258240.0,1.288426399230957,4.553406715393066,dCeNN+ELM,raw,outputs_weather_full/summary_dcenn_weather_raw.csv,,,,,,,,,,,,0.2994063237206392,0.3159731022994359,0.7005936762793608,-0.8372865959067587,2.6983528679010744,0.10380372095595064,2.826449382157604,6.099763487480004,1.0,0.0,0.0,0.0,0.0,1.0,0.25,0.25,0.125,0.7749999999999999,True
WEATHER,24,72,13.89636329271686,40.8412785278144,71.03086499965045,39.78598080325433,126.85589146155344,62.48366789595262,1553152,513.922824382782,510.5899999999999,99.35149321558453,751.79296875,1.2239813804626465,1.2200000000000273,99.6747188702238,0.1412720891577385,5.596680641174316,373936.0,1553152.0,1.430150032043457,5.596680641174316,dCeNN+ELM,raw,outputs_weather_full/summary_dcenn_weather_raw.csv,,,,,,,,,,,,0.3219501913333836,0.3492778866363863,0.6780498086666163,-0.8499436323631414,2.7080723048134185,0.08635983067475794,2.8760982595962616,6.191213960255898,1.0,0.0,0.1672399455987907,0.0,0.0,1.0,0.2918099863996977,0.2918099863996977,0.14590499319984884,0.7875429959199093,True
WEATHER,72,12,12.338807263017756,38.05420909357802,69.38937751790203,39.632072855009554,128.35081553602237,56.42109658490906,1184512,1697.2491581439972,1686.63,99.37433121748548,768.92578125,3.3145201206207275,3.259999999999991,98.3551126969618,0.3820332089235509,4.293296813964844,327496.0,1184512.0,1.252964973449707,4.293296813964844,dCeNN+ELM,raw,outputs_weather_full/summary_dcenn_weather_raw.csv,,,,,,,,,,,,0.2964859158444349,0.3113338862733191,0.703514084155565,-0.4178988836187071,3.2270198208331244,0.5132176000679378,2.8858844225723987,6.073539464811747,1.0,0.08868285092405599,1.0,0.0,0.0,1.0,0.5,0.5,0.294341425462028,0.85,False
WEATHER,72,24,11.73889326109616,36.418450911884825,67.68184509698247,38.56908919882533,125.46555427592766,58.02836849586852,1258240,1522.678816318512,1509.0300000000002,99.10363129950731,783.26953125,3.1594669818878174,3.160000000000082,100.01687050744066,0.3646660874755099,4.553918838500977,336784.0,1258240.0,1.288426399230957,4.553918838500977,dCeNN+ELM,raw,outputs_weather_full/summary_dcenn_weather_raw.csv,,,,,,,,,,,,0.2902665287062931,0.3043601367038083,0.7097334712937069,-0.43810462250211274,3.1786978737748925,0.49968708261841505,2.893911233056894,6.099763487480004,0.37221291731027223,0.0,1.0,0.0,0.0,1.0,0.5,0.5,0.25,0.41054904211719057,True
WEATHER,72,72,12.977114582743326,39.31656241069992,69.91108587458696,39.91104841772916,127.15914306320045,62.46050476487576,1553152,1472.2221148014069,1461.45,99.26830912991278,867.53125,3.152017593383789,3.1399999999998727,99.61873330246816,0.3658330540139031,5.598578453063965,373936.0,1553152.0,1.430150032043457,5.598578453063965,dCeNN+ELM,raw,outputs_weather_full/summary_dcenn_weather_raw.csv,,,,,,,,,,,,0.3091917849049875,0.3251509318151198,0.6908082150950124,-0.4367170573962102,3.1647839616054982,0.49692964807319734,2.938285127795036,6.191213960255898,0.1727931221737264,0.0,1.0,0.0,0.0,1.0,0.5,0.5,0.25,0.27095518552160847,True
WEATHER,168,12,14.550188702967525,75.33921894752551,72.66661360980791,39.92090424394347,128.96929969543163,56.47545387099709,2050816,5210.97647023201,5120.92,98.27179280608036,1023.0078125,6.7873711585998535,6.699999999999818,98.712739342546,0.7910688996037125,7.33537483215332,327496.0,2050816.0,1.252964973449707,7.33537483215332,dCeNN+ELM,raw,outputs_weather_full/summary_dcenn_weather_raw.csv,,,,,,,,,,,,0.5841639764303814,0.3644754290648268,0.4158360235696186,-0.10178568917669423,3.7093479912552247,0.8260748027008147,3.00987895034235,6.311926697048352,1.0,0.17021400875490078,1.0,0.0,0.0,1.0,0.5,0.5,0.3351070043774504,0.85,False
WEATHER,168,72,15.45841903912111,62.07235078379482,73.938461446383,40.17272868357136,127.76201798530056,62.40049992254385,1553152,4005.564582824707,3985.03,99.48734860217318,1124.34375,6.424980163574219,6.369999999999891,99.1442749677885,0.7541056530016689,5.620267868041992,373936.0,1553152.0,1.430150032043457,5.620267868041992,dCeNN+ELM,raw,outputs_weather_full/summary_dcenn_weather_raw.csv,,,,,,,,,,,,0.4858435375600905,0.3847988310896702,0.5141564624399095,-0.1225678035981627,3.600431595188948,0.804139432335343,3.050899110080476,6.191213960255898,1.0,0.0,1.0,0.0,0.0,1.0,0.5,0.5,0.25,0.85,True
