task,lookback,horizon,MAE,RMSE,sMAPE,BASE_MAE,BASE_RMSE,BASE_sMAPE,Params,Train_Wall_Sec,Train_CPU_Sec,Avg_CPU_Usage_Pct,Peak_RAM_MB,Infer_Wall_Sec,Infer_CPU_Sec,Infer_Avg_CPU_Pct,Latency_ms_per_sample,Size_MB,Train_Params,Deploy_Params,Train_Size_MB,Deploy_Size_MB,RAW_MAE,RAW_RMSE,RAW_sMAPE,Repairs_Total,Cells_Changed,Repair_Cell_Rate_Pct,Mean_Abs_Adjustment,Max_Adjustment,Repairs_ByKind_JSON,Repairs_ByTarget_JSON,Repairs_After_Total
ENERGY,24,12,555.3448724450911,811.6140941892204,55.85574314315275,529.199573972184,855.5122188501103,71.35719002826714,767488,551.820155620575,546.31,99.0014580720818,677.28515625,11.370586395263672,1.989999999999977,17.50129615855956,1.303368454294323,2.818248748779297,,,,,565.8170323938083,812.3474236462134,77.69716065917494,35256.0,35256.0,11.22573742931377,93.48070970588304,280.91973876953125,"{""bound_low"": 393, ""pv_night"": 34863}","{""solar"": 35247, ""wind"": 9}",
ENERGY,24,24,577.6008410493854,869.1620059710257,65.8851963929142,582.3679981634527,910.7851314639736,74.29024233054237,804352,547.2961428165436,543.21,99.25339455244192,672.76953125,12.270498752593994,2.03000000000002,16.543744805571784,1.4084594527770884,2.9488401412963867,,,,,601.5320036290452,881.1079954960597,87.66372363005927,104940.0,104940.0,16.72979797979798,143.19516642241044,1119.465576171875,"{""bound_low"": 35245, ""pv_night"": 69695}","{""solar"": 69743, ""wind"": 35197}",
ENERGY,24,72,671.1383862298836,1030.1375746467852,66.07499599579482,685.9860769125543,1039.1300869789088,80.32403324551134,951808,547.0459306240082,543.6700000000001,99.38287985797514,726.03515625,21.547318696975708,2.389999999999924,11.091867315887306,2.486994309438563,3.471137046813965,,,,,700.252848324013,1041.0480625840632,87.85496564222514,279375.0,279375.0,14.92847158099928,195.19545095317807,1197.826416015625,"{""bound_low"": 71439, ""pv_night"": 207936}","{""solar"": 208001, ""wind"": 71374}",
ENERGY,72,12,726.1479388788279,1034.819625157084,63.60407546224479,528.975212591568,855.3350395664244,71.37976784698094,767488,1621.9017486572266,1608.47,99.1718518912538,869.1875,13.310072660446169,3.869999999999916,29.075724067987093,1.5341254795350583,2.8182811737060547,,,,,753.9670499083659,1039.72453137907,85.3928257448266,36970.0,36970.0,11.836611853900928,235.238297606756,992.8619384765624,"{""bound_low"": 2298, ""pv_night"": 34672}","{""solar"": 34898, ""wind"": 2072}",
ENERGY,72,24,675.9489292762645,1001.9042356345298,63.34763652935551,581.803205473479,910.1647565136568,74.307414780932,804352,1674.6120314598083,1662.6,99.2826976497155,878.328125,13.926819086074827,3.779999999999836,27.14187623632872,1.6074352592422472,2.94879150390625,,,,,693.4936802858196,1004.1540703750608,85.11208772110218,72561.0,72561.0,11.631944444444445,151.04885152680944,961.497802734375,"{""bound_low"": 3249, ""pv_night"": 69312}","{""solar"": 69457, ""wind"": 3104}",
ENERGY,72,72,890.6965959101207,1411.862851001157,71.38294427833785,685.7834412290656,1038.8751584756155,80.37422880397304,951808,1597.5976657867432,1587.0800000000002,99.34165741400456,920.7890625,23.302273988723755,4.300000000000031,18.45313466866304,2.7045350497590244,3.4713735580444336,,,,,910.0969802006248,1416.2303362913954,93.48484204508038,268094.0,268094.0,14.40547732040304,134.84078981511894,1063.9591064453125,"{""bound_low"": 61322, ""pv_night"": 206772}","{""solar"": 222439, ""wind"": 45655}",
ENERGY,168,12,690.6118219895939,1005.5638624387736,63.8197085429472,528.5902486402487,854.9535815920223,71.46606327352953,767488,3736.7244203090654,3713.21,99.37072104698794,1279.1875,16.75851798057556,7.439999999999654,44.39533381545551,1.9532072238433056,2.818314552307129,,,,,704.251767787882,1008.81913977145,85.58862439683757,39057.0,39057.0,12.644716394716395,108.07040399050776,1429.390625,"{""bound_cap"": 352, ""bound_low"": 4417, ""pv_night"": 34288}","{""solar"": 34673, ""wind"": 4384}",
ENERGY,168,24,718.331088691923,1059.0979729315388,65.61991822327796,581.3988516702977,909.73993948578,74.402243893945,804352,4011.505627632141,3989.75,99.45766927304592,1287.92578125,17.580933332443237,7.469999999999951,42.489211799780136,2.051929660649304,2.9489240646362305,,,,,737.7731217236376,1064.137793738893,87.8384619962706,85442.0,85442.0,13.850308641975309,140.55153471138033,1378.181396484375,"{""bound_cap"": 8, ""bound_low"": 16891, ""pv_night"": 68543}","{""solar"": 74958, ""wind"": 10484}",
ENERGY,168,72,882.303016300798,1423.4947008833813,70.71552189584665,685.9558446357155,1039.3666590168075,80.47199631882485,951808,3655.639216423034,3634.47,99.42091614708774,1324.06640625,27.315776824951172,7.97999999999976,29.213886360026752,3.2060770921304194,3.471799850463867,,,,,915.6169338719334,1441.3403345545944,92.9673649553852,288240.0,288240.0,15.662493479394888,212.85605184189896,2980.31689453125,"{""bound_cap"": 206, ""bound_low"": 83560, ""pv_night"": 204474}","{""load"": 1668, ""solar"": 215612, ""wind"": 70960}",
