task,lookback,horizon,horizon_step,model,variant,RMSE,MAE,sMAPE
ENERGY,24,12,1,CNN,baseline,166.26043684646368,105.6859950116009,51.61691055890218
ENERGY,24,12,2,CNN,baseline,217.6094209645092,134.44224665409934,54.07108885650276
ENERGY,24,12,3,CNN,baseline,259.8885814444142,159.13596592464688,56.02377323281647
ENERGY,24,12,4,CNN,baseline,296.1662316760956,181.72428228829065,58.52896794695418
ENERGY,24,12,5,CNN,baseline,330.129878744953,204.01231078369057,60.480443222067095
ENERGY,24,12,6,CNN,baseline,359.8386620192901,222.7996598538496,62.02498883938616
ENERGY,24,12,7,CNN,baseline,387.9255646138429,239.93177535428808,63.15935001067092
ENERGY,24,12,8,CNN,baseline,404.0627419851628,249.023848713959,63.90213282411273
ENERGY,24,12,9,CNN,baseline,417.8580298763408,258.9127761475149,64.23256091442357
ENERGY,24,12,10,CNN,baseline,433.2628296132608,270.3833845432642,65.05968784871608
ENERGY,24,12,11,CNN,baseline,445.1733629621335,278.9269875342466,65.9299809430791
ENERGY,24,12,12,CNN,baseline,460.0513485058726,289.60599151133454,66.32031718848494
ENERGY,24,24,1,CNN,baseline,204.21477119976217,135.91329902307493,53.71217997807823
ENERGY,24,24,2,CNN,baseline,242.5015584639208,159.2794728167959,56.585384597336684
ENERGY,24,24,3,CNN,baseline,279.6581390242808,180.8694132474172,58.88243350382197
ENERGY,24,24,4,CNN,baseline,314.804553788822,203.05104158304053,60.48375130941496
ENERGY,24,24,5,CNN,baseline,349.84373001786304,226.14813723860132,62.03645111704888
ENERGY,24,24,6,CNN,baseline,379.2399290357229,244.1342673956436,63.41453131985389
ENERGY,24,24,7,CNN,baseline,402.8857230268638,258.42054590699166,64.61243147510008
ENERGY,24,24,8,CNN,baseline,420.3875274267332,269.3558019936633,65.21314448205392
ENERGY,24,24,9,CNN,baseline,431.75834028188007,275.3055852936805,65.70339052725245
ENERGY,24,24,10,CNN,baseline,442.5101471934404,281.91282726592163,66.53266794244111
ENERGY,24,24,11,CNN,baseline,455.2404619822204,290.47300443517946,66.64564381687738
ENERGY,24,24,12,CNN,baseline,462.9442915622004,294.8534206642016,66.86237677035048
ENERGY,24,24,13,CNN,baseline,470.50468105007536,298.2651472785527,67.40660437045088
ENERGY,24,24,14,CNN,baseline,476.86955294927503,302.1132599491997,67.64721724005157
ENERGY,24,24,15,CNN,baseline,483.5880550449663,305.99113566217534,67.57731755959405
ENERGY,24,24,16,CNN,baseline,490.7044685941765,311.8930362551366,68.24950355604194
ENERGY,24,24,17,CNN,baseline,497.74279850792,317.42733731101924,68.69370395117633
ENERGY,24,24,18,CNN,baseline,502.22799389580274,320.2354782303588,68.86828487101678
ENERGY,24,24,19,CNN,baseline,508.2467633408596,323.035231894118,68.98832397990428
ENERGY,24,24,20,CNN,baseline,510.7748515031845,325.9413811093243,69.14213069218836
ENERGY,24,24,21,CNN,baseline,514.544696876994,326.5914713965182,69.44123799847519
ENERGY,24,24,22,CNN,baseline,517.1832404864815,329.4593562127288,69.7077119038783
ENERGY,24,24,23,CNN,baseline,520.2141028831812,329.74438896294174,69.16147297637525
ENERGY,24,24,24,CNN,baseline,521.7495037760235,330.4990609302792,69.40063620656521
ENERGY,24,72,1,CNN,baseline,246.7221920687374,160.65396467160497,56.3593113623911
ENERGY,24,72,2,CNN,baseline,273.3985967870454,175.2449223086699,58.16487084230473
ENERGY,24,72,3,CNN,baseline,306.40328986438874,194.79074778340785,59.90620193358296
ENERGY,24,72,4,CNN,baseline,335.0380739175129,211.40279450388945,61.07552212486327
ENERGY,24,72,5,CNN,baseline,367.2484550848263,232.2507390336072,61.85566185831557
ENERGY,24,72,6,CNN,baseline,394.28512893916223,248.56532647233155,63.44451880896634
ENERGY,24,72,7,CNN,baseline,415.50918156002,259.94667425985034,64.5027407822784
ENERGY,24,72,8,CNN,baseline,429.6280601950703,269.1581886949457,64.89615352910945
ENERGY,24,72,9,CNN,baseline,441.8910879553703,278.1549308148463,65.89323330962638
ENERGY,24,72,10,CNN,baseline,455.1903437548439,286.838009534764,66.33227191254977
ENERGY,24,72,11,CNN,baseline,458.735937514667,287.93457730150186,66.6249961233216
ENERGY,24,72,12,CNN,baseline,470.5643291818155,296.0509417176763,67.33661212298077
ENERGY,24,72,13,CNN,baseline,485.8105920883714,305.3923569902176,67.45143990461685
ENERGY,24,72,14,CNN,baseline,491.5758122732351,310.0885829223827,68.01398148918447
ENERGY,24,72,15,CNN,baseline,499.0054285649334,314.8935429158948,68.26634321626469
ENERGY,24,72,16,CNN,baseline,502.6350848820021,317.7715732827488,68.64694737700007
ENERGY,24,72,17,CNN,baseline,510.4195136734844,325.1716404438988,69.05444237082835
ENERGY,24,72,18,LSTM,baseline,515.612254500541,327.4127021188378,68.11212262098702
ENERGY,24,72,19,LSTM,baseline,518.666519218073,329.2534830785069,68.23225267710615
ENERGY,24,72,20,CNN,baseline,520.8434653491034,331.8891765371896,69.25966077698135
ENERGY,24,72,21,CNN,baseline,525.2230904757434,334.875879244622,69.36338843188194
ENERGY,24,72,22,CNN,baseline,525.9456870453582,334.618729851895,69.38445523907507
ENERGY,24,72,23,CNN,baseline,531.9222580293238,340.12686908370847,69.38294331869204
ENERGY,24,72,24,CNN,baseline,534.2139184152769,344.41502816806883,69.51245893794466
ENERGY,24,72,25,CNN,baseline,537.9889153436882,347.1038167081805,69.87685452883852
ENERGY,24,72,26,CNN,baseline,541.501126762838,349.0287952109192,70.13996187358923
ENERGY,24,72,27,CNN,baseline,545.9525282223165,354.0942869080669,70.35907587543356
ENERGY,24,72,28,CNN,baseline,550.0599619627197,354.68054393253624,70.1753302520432
ENERGY,24,72,29,CNN,baseline,556.2071080015052,359.7975193100804,70.11612929830342
ENERGY,24,72,30,CNN,baseline,561.418121627081,365.708946755444,70.58258099089045
ENERGY,24,72,31,CNN,baseline,566.6047152037768,369.4679804521806,70.55728069702413
ENERGY,24,72,32,CNN,baseline,571.1246354478114,373.3971249906763,70.31665253050966
ENERGY,24,72,33,CNN,baseline,572.9950174529519,375.8856166084914,70.70746594718894
ENERGY,24,72,34,CNN,baseline,578.0315198573319,382.640507754291,71.04077816846608
ENERGY,24,72,35,CNN,baseline,575.2588253481666,379.4683094161488,70.91132750872721
ENERGY,24,72,36,CNN,baseline,575.2078680686154,379.8242974575641,70.80249800147965
ENERGY,24,72,37,CNN,baseline,580.716654885328,384.264712227691,70.79677823100171
ENERGY,24,72,38,CNN,baseline,583.8689736393103,385.7843799340088,71.04803964368898
ENERGY,24,72,39,CNN,baseline,581.3449504216978,385.1821412998088,71.04702834061104
ENERGY,24,72,40,CNN,baseline,582.1828790344172,385.7832564000783,71.1419703137907
ENERGY,24,72,41,CNN,baseline,581.0820635716665,386.9015219873502,71.32996023419209
ENERGY,24,72,42,CNN,baseline,582.0995853320518,386.9958159829071,71.16591218183233
ENERGY,24,72,43,CNN,baseline,583.8000406744942,387.5507475405562,71.06660376092326
ENERGY,24,72,44,CNN,baseline,583.0311953938049,388.643107997382,71.18912968166596
ENERGY,24,72,45,CNN,baseline,585.2972342307494,390.6439131841646,71.37510836638832
ENERGY,24,72,46,CNN,baseline,586.710225197561,390.1375994432616,71.49053918711994
ENERGY,24,72,47,CNN,baseline,584.1227811827049,387.68157778720285,71.2810162813296
ENERGY,24,72,48,CNN,baseline,585.9053436963839,387.4680345876036,71.15924033615954
ENERGY,24,72,49,CNN,baseline,589.7289848031141,389.8435755358808,71.13554559601285
ENERGY,24,72,50,CNN,baseline,595.7307963098135,393.4778400376801,71.38786005564826
ENERGY,24,72,51,CNN,baseline,597.1466246811605,394.6831351605201,71.37173174549723
ENERGY,24,72,52,CNN,baseline,599.6942605050234,396.5741450953329,71.40810752460266
ENERGY,24,72,53,CNN,baseline,603.817135852477,397.92361530390735,71.25059336431481
ENERGY,24,72,54,CNN,baseline,608.8767770036667,403.7153027950425,71.3771865763797
ENERGY,24,72,55,CNN,baseline,607.3560216675586,400.5755491985131,71.2759613558054
ENERGY,24,72,56,CNN,baseline,607.1386279607514,400.2525900011988,71.05567789343556
ENERGY,24,72,57,CNN,baseline,607.0138343307018,401.4534337956973,71.29651800670712
ENERGY,24,72,58,CNN,baseline,608.8614565880099,403.395997538292,71.69747671631896
ENERGY,24,72,59,CNN,baseline,606.4722604602013,403.0774724633033,71.59635786145732
ENERGY,24,72,60,CNN,baseline,606.8764722784017,401.8111074950097,71.41279150375318
ENERGY,24,72,61,CNN,baseline,605.4135309146792,401.6828553038097,71.21193269566334
ENERGY,24,72,62,CNN,baseline,608.1560333830001,403.4029966642591,71.36652651582713
ENERGY,24,72,63,CNN,baseline,605.4487249513971,403.4622887543962,71.55826368801632
ENERGY,24,72,64,CNN,baseline,604.972850516037,402.12562159809255,71.48775366504178
ENERGY,24,72,65,CNN,baseline,602.5409177318886,400.9609086514525,71.75407518640391
ENERGY,24,72,66,CNN,baseline,601.9589847277233,400.1482120479818,71.441477939246
ENERGY,24,72,67,CNN,baseline,601.9966931128849,401.7272960264645,71.56025244994555
ENERGY,24,72,68,CNN,baseline,600.237497995086,399.78296212224046,71.49677940179227
ENERGY,24,72,69,CNN,baseline,600.7513922491341,401.3144554364721,71.49484374291816
ENERGY,24,72,70,CNN,baseline,600.3825810111957,401.6283867333643,71.4948362444311
ENERGY,24,72,71,CNN,baseline,600.2122108631768,400.5271121254221,71.36379226601586
ENERGY,24,72,72,CNN,baseline,597.9620141172875,399.1819020357387,71.2184041494239
ENERGY,72,12,1,CNN,baseline,173.7282573699148,110.40518661611225,50.08591148759636
ENERGY,72,12,2,CNN,baseline,222.1318147953186,138.9108129837002,53.63740254442049
ENERGY,72,12,3,CNN,baseline,261.36486157750005,161.77439703261706,56.24270796996797
ENERGY,72,12,4,CNN,baseline,302.64915311198536,186.77359136875805,59.01795770745417
ENERGY,72,12,5,CNN,baseline,331.7653712455996,204.7280807335245,60.45957723545368
ENERGY,72,12,6,LSTM,baseline,360.8952075510754,225.91662454396177,61.62479874796228
ENERGY,72,12,7,CNN,baseline,382.0544738202677,236.1696883142846,63.15638391901894
ENERGY,72,12,8,CNN,baseline,400.10847001365227,245.8708703961105,64.05979350140242
ENERGY,72,12,9,CNN,baseline,413.4318165608542,253.9572021611401,65.04859599225745
ENERGY,72,12,10,CNN,baseline,426.774763430046,262.9435410690874,65.57361212311687
ENERGY,72,12,11,LSTM,baseline,438.8756858232322,273.4236350121096,65.25418158144628
ENERGY,72,12,12,CNN,baseline,451.6154558403779,279.21415978554984,66.42858395333809
ENERGY,72,24,1,CNN,baseline,213.9799565490909,137.69633965981438,54.82186730097565
ENERGY,72,24,2,CNN,baseline,248.5257710008661,159.0250364130908,56.48096099902629
ENERGY,72,24,3,CNN,baseline,283.3612715788013,180.16787873574813,58.45889459335375
ENERGY,72,24,4,CNN,baseline,316.201911688146,201.02005997262967,60.3183297390718
ENERGY,72,24,5,CNN,baseline,348.23535549643543,219.7534418674041,61.83716827369407
ENERGY,72,24,6,CNN,baseline,375.50088266506975,236.27539526053172,63.05688669422624
ENERGY,72,24,7,CNN,baseline,396.20016478935065,248.5945836032598,64.19042079283214
ENERGY,72,24,8,CNN,baseline,414.3590945053394,259.8198228923164,64.99220895162122
ENERGY,72,24,9,CNN,baseline,424.9165815843942,264.1682930729098,65.24294246229876
ENERGY,72,24,10,CNN,baseline,437.2085202131403,271.1431220041055,66.29458500657076
ENERGY,72,24,11,CNN,baseline,448.19847852631256,279.61998004483263,66.71378028325863
ENERGY,72,24,12,CNN,baseline,458.7064181502526,285.61302088159374,66.74848788362445
ENERGY,72,24,13,CNN,baseline,467.0477527659021,292.08071811552753,66.95796642655745
ENERGY,72,24,14,CNN,baseline,475.9548136201808,297.96452475145344,67.85271572845448
ENERGY,72,24,15,CNN,baseline,484.556842265487,304.90089817985114,67.59892860435106
ENERGY,72,24,16,CNN,baseline,487.79053314111184,306.57178404781376,67.96935434218719
ENERGY,72,24,17,CNN,baseline,492.05731470870217,307.66787645531275,68.27709273592632
ENERGY,72,24,18,CNN,baseline,495.9858717925374,311.1862199994428,68.51532414213077
ENERGY,72,24,19,CNN,baseline,499.1220992958183,311.6014885276773,68.50039576470847
ENERGY,72,24,20,CNN,baseline,501.9521718565297,312.9391636635418,68.59742310228121
ENERGY,72,24,21,CNN,baseline,507.573004016893,318.485302068946,69.25496624734718
ENERGY,72,24,22,CNN,baseline,509.4549773634286,320.0749197157221,69.1072560967943
ENERGY,72,24,23,CNN,baseline,507.14722164740726,318.03105274532413,69.00181056983996
ENERGY,72,24,24,CNN,baseline,513.6153276809194,324.3585283620633,69.17582926236705
ENERGY,72,72,1,CNN,baseline,292.1229996331619,189.3486693740033,57.145744783156346
ENERGY,72,72,2,CNN,baseline,309.5677537496613,202.2462563365624,58.7822387139071
ENERGY,72,72,3,CNN,baseline,332.3567376731748,215.91118725172905,60.4078247289193
ENERGY,72,72,4,CNN,baseline,355.79891516866206,229.81524704769157,61.725363335666295
ENERGY,72,72,5,CNN,baseline,375.1152792347491,242.38676134196496,63.148635028558175
ENERGY,72,72,6,CNN,baseline,402.1190229440304,260.8750451984626,64.26131049609177
ENERGY,72,72,7,CNN,baseline,417.76539433954827,269.9015228127191,65.11722271161241
ENERGY,72,72,8,CNN,baseline,431.99851653390937,278.0300784152548,65.45342786840915
ENERGY,72,72,9,CNN,baseline,440.4792647363267,281.9043425940011,66.27068073851211
ENERGY,72,72,10,CNN,baseline,450.9589504349566,289.0499646416622,66.70314749524123
ENERGY,72,72,11,CNN,baseline,458.5859805282972,291.70781803925007,66.96898705683893
ENERGY,72,72,12,CNN,baseline,467.62488349424814,296.42112157804604,67.2081645227323
ENERGY,72,72,13,CNN,baseline,481.4114136865356,307.0371846761611,67.52233920647132
ENERGY,72,72,14,CNN,baseline,487.2469828958414,309.9715972340193,67.93290589326175
ENERGY,72,72,15,CNN,baseline,491.6056958681833,312.12103997794424,68.21079839749277
ENERGY,72,72,16,CNN,baseline,497.6347198187016,316.33031316505424,68.38871073917765
ENERGY,72,72,17,CNN,baseline,503.8906920687725,322.2330981142736,68.61142642476904
ENERGY,72,72,18,CNN,baseline,508.10210877544296,325.5246360539685,69.0019003954857
ENERGY,72,72,19,CNN,baseline,512.4867732855777,328.9910560016981,68.7994417014627
ENERGY,72,72,20,CNN,baseline,515.5759350618682,333.5977579770165,69.06463238915362
ENERGY,72,72,21,CNN,baseline,519.0338651344141,335.79200618847943,69.31830420539546
ENERGY,72,72,22,CNN,baseline,521.221675747095,338.6189415063492,69.48629404809135
ENERGY,72,72,23,CNN,baseline,526.8480528752954,341.7893131690886,69.21174672983298
ENERGY,72,72,24,CNN,baseline,528.2940280902355,340.9412514524913,69.21180456402466
ENERGY,72,72,25,CNN,baseline,528.8511420399715,342.61416225731153,69.43513669816606
ENERGY,72,72,26,CNN,baseline,533.9197941868343,347.3066178519876,69.8304816356356
ENERGY,72,72,27,CNN,baseline,537.2590070256858,350.68645838408474,70.21042760625649
ENERGY,72,72,28,CNN,baseline,541.641872061717,352.4510316073508,70.07367545565296
ENERGY,72,72,29,CNN,baseline,545.6494757878037,354.4995742773266,69.89033516187374
ENERGY,72,72,30,CNN,baseline,548.2103987144686,355.4353181652623,70.1644973987677
ENERGY,72,72,31,CNN,baseline,549.7757859449323,355.12152087316645,70.18266166561015
ENERGY,72,72,32,CNN,baseline,550.3261500354463,355.7530790795737,70.11077556388695
ENERGY,72,72,33,CNN,baseline,550.9622419341929,358.254525674182,70.48477503824847
ENERGY,72,72,34,CNN,baseline,556.9563025994685,361.5577379599052,70.57271243960113
ENERGY,72,72,35,CNN,baseline,554.58418998207,360.23220575726083,70.55248393903241
ENERGY,72,72,36,CNN,baseline,551.5779496453135,358.59589628372606,70.42053729439911
ENERGY,72,72,37,CNN,baseline,552.1490625834989,358.79824118669626,70.0851322201544
ENERGY,72,72,38,CNN,baseline,547.3900928111436,354.5675670926561,70.11988146063463
ENERGY,72,72,39,CNN,baseline,543.7290464957999,351.3000034868326,70.07886347046501
ENERGY,72,72,40,CNN,baseline,544.6570157847676,352.8631093421831,70.16319056420237
ENERGY,72,72,41,CNN,baseline,542.318422158122,350.75721937230713,70.32899465533765
ENERGY,72,72,42,CNN,baseline,538.5997981755152,346.94110446847543,69.98030847810877
ENERGY,72,72,43,CNN,baseline,537.9987516555428,346.80489390194657,70.00605694819049
ENERGY,72,72,44,CNN,baseline,537.651561591619,346.51550009006706,70.38030838340383
ENERGY,72,72,45,CNN,baseline,537.450612011303,347.3517086293785,70.25365205050565
ENERGY,72,72,46,CNN,baseline,536.2916908354371,346.54427952780503,70.21480261436473
ENERGY,72,72,47,CNN,baseline,537.6366991327936,346.5764749374562,70.12344635327496
ENERGY,72,72,48,CNN,baseline,535.792278709929,344.73157661772524,70.23697888962924
ENERGY,72,72,49,CNN,baseline,538.9399237418863,346.17197352768744,70.12769996551036
ENERGY,72,72,50,CNN,baseline,540.779742095334,348.7382782884767,70.33399512109384
ENERGY,72,72,51,CNN,baseline,544.5722389756945,349.1686379449544,70.64872050321063
ENERGY,72,72,52,CNN,baseline,544.8643818098599,348.5497774320317,70.87085482957947
ENERGY,72,72,53,CNN,baseline,551.5411435310403,355.2897459886179,70.71659210728859
ENERGY,72,72,54,CNN,baseline,557.0521438855781,359.4386390998914,70.41962578374793
ENERGY,72,72,55,CNN,baseline,558.5592310571716,358.15530842889984,70.62816161471393
ENERGY,72,72,56,CNN,baseline,569.8661124888268,367.71073472455487,70.92979593230775
ENERGY,72,72,57,CNN,baseline,568.2275145908291,366.3112094659784,71.05997985397684
ENERGY,72,72,58,CNN,baseline,570.6159486177048,367.4126037973463,71.0580187698871
ENERGY,72,72,59,CNN,baseline,573.1471225539381,367.72271526973407,71.03617970930107
ENERGY,72,72,60,CNN,baseline,573.934837124643,369.2635027289496,70.70337443904455
ENERGY,72,72,61,CNN,baseline,579.1074522887491,372.79235225104856,70.76925170157888
ENERGY,72,72,62,LSTM,baseline,582.3250707890396,375.2931039824595,70.83635891725444
ENERGY,72,72,63,CNN,baseline,581.7559754232664,376.6177985942482,70.95178771249041
ENERGY,72,72,64,CNN,baseline,584.095924044029,378.53421125361865,70.93171372402031
ENERGY,72,72,65,CNN,baseline,585.1033631211329,380.39918892658056,71.05330549304189
ENERGY,72,72,66,CNN,baseline,582.4673031322052,377.4600734351424,71.10020549729037
ENERGY,72,72,67,CNN,baseline,581.9272745428503,377.6405483740047,70.93986346670496
ENERGY,72,72,68,CNN,baseline,586.2024179550244,383.7904077508615,71.00894529166946
ENERGY,72,72,69,CNN,baseline,587.000406275826,385.7670781003888,71.28225902087823
ENERGY,72,72,70,CNN,baseline,590.4973041141733,388.7734647863465,71.45249436630894
ENERGY,72,72,71,CNN,baseline,592.771889526908,390.09888207363207,71.34361223743915
ENERGY,72,72,72,CNN,baseline,590.8869881575786,388.8899488233608,71.25405961411177
ENERGY,168,12,1,CNN,baseline,180.20229599751883,115.72038339662905,54.26114156926032
ENERGY,168,12,2,CNN,baseline,226.702146427444,141.3727081863613,55.54190224556027
ENERGY,168,12,3,CNN,baseline,269.1106459494232,166.45428916619255,57.548407859627936
ENERGY,168,12,4,CNN,baseline,303.4165925686559,188.4877480436299,59.57917113960375
ENERGY,168,12,5,CNN,baseline,329.94849959890234,204.27898922018147,60.593159012549
ENERGY,168,12,6,CNN,baseline,355.42596869540296,219.17733392160625,61.89188975426418
ENERGY,168,12,7,CNN,baseline,373.360043738804,228.77849480972003,62.910180294718096
ENERGY,168,12,8,CNN,baseline,388.1496312828022,238.02149313411,63.88078373662538
ENERGY,168,12,9,CNN,baseline,400.6080430886631,245.6423660028629,64.58734981574565
ENERGY,168,12,10,CNN,baseline,413.7934803601544,254.2344379776041,65.2590196823331
ENERGY,168,12,11,CNN,baseline,426.3530495474981,261.30787930968387,65.51120602502026
ENERGY,168,12,12,CNN,baseline,438.2315893009609,269.7267836085564,66.25667258454838
ENERGY,168,24,1,CNN,baseline,224.9982965016564,145.68718263686424,55.656748973688885
ENERGY,168,24,2,CNN,baseline,264.5405701948314,168.5575311708867,57.94645243052945
ENERGY,168,24,3,CNN,baseline,290.8459411984875,184.52014814917283,59.323229573564994
ENERGY,168,24,4,CNN,baseline,320.30811626027395,201.8290204772973,61.36449276236095
ENERGY,168,24,5,CNN,baseline,345.8236513791272,215.2710282196689,62.39332726128123
ENERGY,168,24,6,CNN,baseline,370.5351669741464,229.4734074547219,63.52571116570183
ENERGY,168,24,7,CNN,baseline,388.4107549167927,238.3975873711881,64.79544280505412
ENERGY,168,24,8,CNN,baseline,407.0628700642866,250.6596128283205,65.45156078975823
ENERGY,168,24,9,CNN,baseline,417.1160199956849,255.2755576814082,65.46242875421441
ENERGY,168,24,10,CNN,baseline,430.7373312878697,263.7550560205096,66.02937119069546
ENERGY,168,24,11,CNN,baseline,443.3863880677926,271.32655464292577,66.6540059684841
ENERGY,168,24,12,CNN,baseline,451.1000195504761,274.7809924837025,67.16877807063597
ENERGY,168,24,13,CNN,baseline,463.143505418209,282.3862122348726,67.53851747797151
ENERGY,168,24,14,CNN,baseline,471.1082491883979,289.72728560423934,67.54313710368478
ENERGY,168,24,15,CNN,baseline,477.078334431901,290.42484172911134,67.67534446471167
ENERGY,168,24,16,CNN,baseline,479.72904863487537,293.4596112219882,68.01050785316856
ENERGY,168,24,17,CNN,baseline,486.25443920663474,297.43443528770206,68.17250056986873
ENERGY,168,24,18,CNN,baseline,492.12897211663625,300.7249285193757,68.50756147613963
ENERGY,168,24,19,CNN,baseline,491.22813579153024,298.8955657677805,68.3512928008048
ENERGY,168,24,20,CNN,baseline,498.1394062543597,305.4327202972637,68.62175729226485
ENERGY,168,24,21,CNN,baseline,498.11666431823227,303.3775494338892,68.67774338824287
ENERGY,168,24,22,CNN,baseline,499.2860830612256,305.31229646055544,68.56020597851752
ENERGY,168,24,23,CNN,baseline,500.2071562228112,309.0243369929825,68.78527114709382
ENERGY,168,24,24,CNN,baseline,503.7072057152471,310.6673894990409,68.84633944687525
ENERGY,168,72,1,CNN,baseline,289.04864426352435,187.40194987281217,57.602818063964335
ENERGY,168,72,2,CNN,baseline,305.7688424672545,199.6888168545108,59.24197839772686
ENERGY,168,72,3,CNN,baseline,331.7400001561461,214.5347631367175,60.78344451195306
ENERGY,168,72,4,CNN,baseline,355.28637777805784,228.4118844748376,62.01908781682399
ENERGY,168,72,5,CNN,baseline,378.9528620114188,243.1860371560136,63.40553425241562
ENERGY,168,72,6,CNN,baseline,395.8139634839575,252.95656120501368,64.15613591729216
ENERGY,168,72,7,CNN,baseline,411.1973879728415,262.1619296855929,65.08812593299241
ENERGY,168,72,8,CNN,baseline,425.7716953723682,271.04155911611605,65.64169276350557
ENERGY,168,72,9,CNN,baseline,437.678628834436,275.67804547368155,66.29476730331042
ENERGY,168,72,10,CNN,baseline,446.2213212652664,278.81176908032575,66.76631319263294
ENERGY,168,72,11,CNN,baseline,458.5543680461356,289.83532914483527,67.04213874449802
ENERGY,168,72,12,CNN,baseline,466.592004156151,294.51523936406267,67.64461624101882
ENERGY,168,72,13,CNN,baseline,474.072608770146,296.75401975008515,67.54417753184842
ENERGY,168,72,14,CNN,baseline,482.0138073088967,302.2566381233418,67.64908691917874
ENERGY,168,72,15,CNN,baseline,488.09623457749296,307.81425198551227,68.28096525807902
ENERGY,168,72,16,CNN,baseline,491.3743952926213,310.11743209018766,68.85907341014412
ENERGY,168,72,17,CNN,baseline,496.531621509524,313.1171652236724,69.01449138957028
ENERGY,168,72,18,CNN,baseline,496.4242938755266,311.25160523710696,68.88012093774681
ENERGY,168,72,19,CNN,baseline,502.289772551377,315.8719066494458,68.97161905168038
ENERGY,168,72,20,CNN,baseline,505.122559934161,319.6284241903344,69.16488429156968
ENERGY,168,72,21,CNN,baseline,507.2630841691369,319.6538272615763,69.08930446764006
ENERGY,168,72,22,CNN,baseline,507.9555858698192,322.6449440250637,69.23878544748779
ENERGY,168,72,23,CNN,baseline,509.54209572433086,322.7270564616616,69.2962364817155
ENERGY,168,72,24,CNN,baseline,514.5325903373057,325.13241118234515,68.7385066059392
ENERGY,168,72,25,CNN,baseline,512.8251153789673,323.71180577541,69.03811800681876
ENERGY,168,72,26,CNN,baseline,520.411607973541,329.3241162419562,69.68283573654355
ENERGY,168,72,27,CNN,baseline,520.4119047240611,330.8074251389245,69.73137171109629
ENERGY,168,72,28,CNN,baseline,525.497226853813,334.2673519431742,69.84063926818006
ENERGY,168,72,29,CNN,baseline,527.699088326889,335.1967980823157,69.98856574864507
ENERGY,168,72,30,CNN,baseline,525.3203477211651,332.65809414937087,69.75917247866566
ENERGY,168,72,31,CNN,baseline,531.0557164464769,338.33967970923703,69.98192222136504
ENERGY,168,72,32,CNN,baseline,529.6145063474885,335.26477485563373,70.03387589641963
ENERGY,168,72,33,CNN,baseline,527.5554607407128,334.3468521212701,70.15886366975475
ENERGY,168,72,34,CNN,baseline,530.6597936275434,337.4306417885138,70.07800886125841
ENERGY,168,72,35,CNN,baseline,528.2220752263031,334.2650498180819,70.07335123879948
ENERGY,168,72,36,CNN,baseline,527.8207557638382,333.7038001343914,69.99016406891036
ENERGY,168,72,37,CNN,baseline,525.4942867309097,331.5011778751104,69.91521152437083
ENERGY,168,72,38,CNN,baseline,526.6083304232408,331.53101517814173,69.95787346405132
ENERGY,168,72,39,CNN,baseline,527.5195159888432,332.12342725447854,69.95476173576859
ENERGY,168,72,40,CNN,baseline,534.7731356895497,339.13960754661457,70.20000254987545
ENERGY,168,72,41,CNN,baseline,528.5149582377384,332.80025115400747,70.296268133788
ENERGY,168,72,42,CNN,baseline,532.317263680846,334.3071695227441,69.94886463528958
ENERGY,168,72,43,CNN,baseline,536.5334200342111,339.5879351123868,70.10260195671096
ENERGY,168,72,44,CNN,baseline,535.147835327462,339.6608010184236,70.30399824770882
ENERGY,168,72,45,CNN,baseline,538.6369701915396,343.99987532582406,70.4089862116485
ENERGY,168,72,46,CNN,baseline,536.8097992404043,343.329853091959,70.31319822022463
ENERGY,168,72,47,CNN,baseline,534.2491630252009,340.80760707965715,70.18734832200366
ENERGY,168,72,48,CNN,baseline,528.7431133321038,335.2601885755166,70.04077827954468
ENERGY,168,72,49,CNN,baseline,528.087904111964,335.5741156820516,70.4724632223406
ENERGY,168,72,50,CNN,baseline,529.922103791439,337.7896408462715,70.48930957692512
ENERGY,168,72,51,CNN,baseline,532.7013431156928,339.47835867304417,70.46425108806662
ENERGY,168,72,52,CNN,baseline,531.8488561134898,339.1952411083658,70.46673702670228
ENERGY,168,72,53,CNN,baseline,535.6357558674465,343.1678725476872,70.38279716523449
ENERGY,168,72,54,CNN,baseline,535.7855982701836,344.4121758830549,70.42224169924744
ENERGY,168,72,55,CNN,baseline,537.0269119620035,346.2713172822744,70.68746164397692
ENERGY,168,72,56,CNN,baseline,537.0030949032889,346.3457824378347,70.52315243280462
ENERGY,168,72,57,CNN,baseline,532.0676774240549,340.2849519211344,70.5461131106538
ENERGY,168,72,58,CNN,baseline,535.4695900211402,342.05499841165647,70.75748379506025
ENERGY,168,72,59,CNN,baseline,534.1810728627977,342.2378719009492,70.16631440374245
ENERGY,168,72,60,CNN,baseline,534.7866824904406,342.8313239695366,70.29584120438153
ENERGY,168,72,61,CNN,baseline,536.6281418045985,342.6835360660759,70.35565116181037
ENERGY,168,72,62,CNN,baseline,538.0482714087439,342.6560070263062,70.38067634450384
ENERGY,168,72,63,CNN,baseline,535.7230487590631,342.0988288603101,70.18074038044979
ENERGY,168,72,64,CNN,baseline,534.83126764477,341.80355552842803,70.59411113312422
ENERGY,168,72,65,CNN,baseline,535.9611372221485,342.2606943263445,70.43140954255679
ENERGY,168,72,66,CNN,baseline,536.9222101439425,343.2902722412301,70.55531871377006
ENERGY,168,72,67,CNN,baseline,534.8364554584101,341.3312368481847,70.32920057027687
ENERGY,168,72,68,CNN,baseline,535.5850058737967,343.7313458940287,70.29536183963921
ENERGY,168,72,69,CNN,baseline,540.0777063899294,347.2908305775727,70.71125372063123
ENERGY,168,72,70,CNN,baseline,538.482111959365,344.65658529545544,70.64416704396542
ENERGY,168,72,71,CNN,baseline,542.4622390983683,348.29583058251325,70.66338599299755
ENERGY,168,72,72,CNN,baseline,548.3615886998994,351.1480294096368,70.33073283922894
WEATHER,24,12,1,CNN,baseline,23.23803770644768,7.309100672643813,58.81397043388963
WEATHER,24,12,2,CNN,baseline,27.003496866964408,7.768430780994083,60.95797027704075
WEATHER,24,12,3,CNN,baseline,29.92490803536453,8.805768953372082,62.456137367911694
WEATHER,24,12,4,LSTM,baseline,32.17194476413024,8.714019248181076,63.36967622413311
WEATHER,24,12,5,LSTM,baseline,33.534909085881274,9.098379702308454,64.03814781713812
WEATHER,24,12,6,LSTM,baseline,34.57423885145167,9.439527841189989,64.69114528673934
WEATHER,24,12,7,LSTM,baseline,35.39634377317701,9.765669043120912,65.26364092674754
WEATHER,24,12,8,CNN,baseline,36.065780889980246,10.647309683131304,66.12515300632907
WEATHER,24,12,9,CNN,baseline,36.31179915263774,10.703412279641078,66.49730366236614
WEATHER,24,12,10,CNN,baseline,36.38019698288595,10.89682972680671,66.68970847418124
WEATHER,24,12,11,CNN,baseline,36.48535522297642,10.9513513939992,66.87904776907921
WEATHER,24,12,12,CNN,baseline,37.60792009716402,11.593758699743798,67.12785411386683
WEATHER,24,24,1,CNN,baseline,23.97263081366435,7.803436506318576,59.80746327283638
WEATHER,24,24,2,CNN,baseline,28.630995128402617,8.95175097239694,62.02815042417309
WEATHER,24,24,3,LSTM,baseline,31.017663506297374,8.960157067298105,63.64312281066158
WEATHER,24,24,4,LSTM,baseline,32.249414858017964,9.08266515131706,64.23485914058016
WEATHER,24,24,5,LSTM,baseline,33.19807091259977,9.253814021897824,64.73277392514288
WEATHER,24,24,6,LSTM,baseline,34.0245696560544,9.48514297837166,65.3292267730856
WEATHER,24,24,7,LSTM,baseline,34.69029871093329,9.737981361798957,65.83393632057958
WEATHER,24,24,8,LSTM,baseline,35.270911529007634,9.957907987466092,66.24284862245102
WEATHER,24,24,9,LSTM,baseline,35.84808482451513,10.163393768444635,66.61866908209686
WEATHER,24,24,10,LSTM,baseline,36.43895800389484,10.3373387456017,66.94691511200405
WEATHER,24,24,11,LSTM,baseline,36.91489696129924,10.45656422460408,67.20412212342067
WEATHER,24,24,12,LSTM,baseline,37.34977808683303,10.545249366502237,67.39477285289517
WEATHER,24,24,13,dCeNN+ELM+ASP,asp,37.64547881025531,10.719742458219326,44.495469063071454
WEATHER,24,24,14,dCeNN+ELM+ASP,asp,37.812322864336,10.860083800298188,44.8008484282884
WEATHER,24,24,15,dCeNN+ELM+ASP,asp,37.84315927594688,10.920987518753629,45.40643968015729
WEATHER,24,24,16,dCeNN+ELM+ASP,asp,37.74672392149638,10.936472141323865,45.915965532971256
WEATHER,24,24,17,dCeNN+ELM+ASP,asp,37.71223273069994,10.94891799430862,46.09008557151223
WEATHER,24,24,18,dCeNN+ELM+ASP,asp,37.75255200921682,10.97881558868424,46.13896559675199
WEATHER,24,24,19,dCeNN+ELM+ASP,asp,37.96557894468312,11.0463889355446,46.67152254145203
WEATHER,24,24,20,dCeNN+ELM+ASP,asp,38.314766754881525,11.173085718335026,47.111365812755245
WEATHER,24,24,21,dCeNN+ELM+ASP,asp,38.5840385446232,11.333643277132834,47.28271359621644
WEATHER,24,24,22,dCeNN+ELM+ASP,asp,38.706694746479535,11.4456061205763,47.91722601866295
WEATHER,24,24,23,dCeNN+ELM+ASP,asp,38.75821342343497,11.48643850077906,48.05200377196832
WEATHER,24,24,24,dCeNN+ELM+ASP,asp,38.8275732778632,11.530286817916032,48.09276486416244
WEATHER,24,72,1,dCeNN+ELM+ASP,asp,26.211181766838543,7.351896063458412,32.6033953768281
WEATHER,24,72,2,dCeNN+ELM+ASP,asp,29.784760215026484,8.288622565283559,36.08678996744723
WEATHER,24,72,3,dCeNN+ELM+ASP,asp,32.113408316127526,8.941099631780256,38.19213168672063
WEATHER,24,72,4,dCeNN+ELM+ASP,asp,33.69107397209418,9.435323145958526,39.48379806006104
WEATHER,24,72,5,dCeNN+ELM+ASP,asp,34.7789200380987,9.774004712624244,40.6721036864202
WEATHER,24,72,6,LSTM,baseline,35.350203878799114,10.687039783149936,66.76920222866197
WEATHER,24,72,7,LSTM,baseline,35.4490273773476,10.559292806440991,66.88121273827328
WEATHER,24,72,8,LSTM,baseline,35.765727323168775,10.704462277333525,67.08161483678131
WEATHER,24,72,9,LSTM,baseline,36.15234707152879,10.896805613159176,67.29928580818437
WEATHER,24,72,10,LSTM,baseline,36.49073642911705,11.018550782240466,67.48117968483335
WEATHER,24,72,11,LSTM,baseline,36.730225002050645,11.05675763386674,67.57013392520001
WEATHER,24,72,12,LSTM,baseline,36.97567418020064,11.072865043481436,67.65668421071479
WEATHER,24,72,13,LSTM,baseline,37.1857530197009,11.072562241143846,67.73520224662326
WEATHER,24,72,14,LSTM,baseline,37.39390428610381,11.089438695232756,67.80519022730218
WEATHER,24,72,15,LSTM,baseline,37.55411364594385,11.122811504378047,67.8737686696008
WEATHER,24,72,16,LSTM,baseline,37.68074665137656,11.182292375708728,67.96995091571998
WEATHER,24,72,17,LSTM,baseline,37.76446985795552,11.245952653423195,68.06019177445052
WEATHER,24,72,18,LSTM,baseline,37.78362487351353,11.292474426724288,68.15204003577068
WEATHER,24,72,19,LSTM,baseline,37.78102432544379,11.32042456764952,68.22947947031707
WEATHER,24,72,20,LSTM,baseline,37.7757713652592,11.348634188650848,68.29754312484258
WEATHER,24,72,21,LSTM,baseline,37.76278893158317,11.356816296120028,68.32763342669831
WEATHER,24,72,22,LSTM,baseline,37.7530270227036,11.33619945934075,68.32802438770739
WEATHER,24,72,23,LSTM,baseline,37.76199988255647,11.311634835185208,68.32805772936672
WEATHER,24,72,24,LSTM,baseline,37.80027543578244,11.328906701760596,68.38514663539407
WEATHER,24,72,25,LSTM,baseline,37.93455057201398,11.414189459414528,68.47987176566149
WEATHER,24,72,26,CNN,baseline,38.075673592094304,12.194870072497814,69.02648207681911
WEATHER,24,72,27,CNN,baseline,38.138985784357416,12.232187225793298,68.9650488328804
WEATHER,24,72,28,CNN,baseline,38.56579312628234,12.613825436182315,69.02080536022333
WEATHER,24,72,29,LSTM,baseline,38.7427013289299,11.749352856097127,68.77702518317551
WEATHER,24,72,30,LSTM,baseline,38.80436091421699,11.73418726768254,68.86410711917496
WEATHER,24,72,31,CNN,baseline,38.450033460529326,12.578291653317018,69.5335689748714
WEATHER,24,72,32,CNN,baseline,38.25483406899369,12.33443577683084,69.48707305704849
WEATHER,24,72,33,LSTM,baseline,38.66703071131448,11.64099448854357,68.97758605655123
WEATHER,24,72,34,LSTM,baseline,38.59106348334919,11.634198513473793,69.00351115948024
WEATHER,24,72,35,LSTM,baseline,38.52338670298722,11.6585876626271,69.04002022584545
WEATHER,24,72,36,LSTM,baseline,38.44835094566781,11.690773564161717,69.06574407269018
WEATHER,24,72,37,LSTM,baseline,38.42340675160411,11.74076380315433,69.08814980663554
WEATHER,24,72,38,LSTM,baseline,38.468450441381975,11.813684507951647,69.10251671155378
WEATHER,24,72,39,LSTM,baseline,38.57590207196821,11.91005800468035,69.10578274772487
WEATHER,24,72,40,LSTM,baseline,38.76238745057849,12.03167610870933,69.17427128789187
WEATHER,24,72,41,LSTM,baseline,39.00567601783181,12.167020404939525,69.26342951732849
WEATHER,24,72,42,LSTM,baseline,39.22857908596117,12.282204834569624,69.36592572134678
WEATHER,24,72,43,LSTM,baseline,39.41087499814656,12.376140584005247,69.4462030468964
WEATHER,24,72,44,LSTM,baseline,39.561271059572334,12.438382028453114,69.51509739750684
WEATHER,24,72,45,LSTM,baseline,39.66974680568072,12.47083239430288,69.56624338646597
WEATHER,24,72,46,LSTM,baseline,39.76261085205889,12.467132665214065,69.60678070406134
WEATHER,24,72,47,LSTM,baseline,39.86426175974271,12.457628844236632,69.66424740313323
WEATHER,24,72,48,LSTM,baseline,40.00911954147588,12.46260549684584,69.7310808868479
WEATHER,24,72,49,LSTM,baseline,40.18810490911175,12.514043870930758,69.83807676195227
WEATHER,24,72,50,LSTM,baseline,40.33206951931847,12.569808419225913,69.94425205044551
WEATHER,24,72,51,CNN,baseline,40.37702613660067,13.362469668366607,70.08227479432165
WEATHER,24,72,52,LSTM,baseline,40.53846446832284,12.61443255273042,70.07780992260848
WEATHER,24,72,53,LSTM,baseline,40.61218289575413,12.593823952544124,70.14124508473994
WEATHER,24,72,54,LSTM,baseline,40.652626510378006,12.543162867403147,70.21199090141185
WEATHER,24,72,55,LSTM,baseline,40.66068836348638,12.48786586106996,70.24810878145665
WEATHER,24,72,56,LSTM,baseline,40.6130766852697,12.43825026818608,70.27203488370921
WEATHER,24,72,57,LSTM,baseline,40.48394200532756,12.383678290698576,70.28155289301556
WEATHER,24,72,58,LSTM,baseline,40.3193011815823,12.346899302385422,70.26520473887923
WEATHER,24,72,59,LSTM,baseline,40.15472243221206,12.34234911494382,70.26082669256041
WEATHER,24,72,60,LSTM,baseline,40.02417189446804,12.355113140496403,70.24708863100132
WEATHER,24,72,61,LSTM,baseline,39.97130910238334,12.388463791714468,70.25447029123258
WEATHER,24,72,62,LSTM,baseline,39.99223064600269,12.445651438653872,70.26235345984388
WEATHER,24,72,63,LSTM,baseline,40.09626575285707,12.53526586700702,70.26358592684853
WEATHER,24,72,64,LSTM,baseline,40.27091399335435,12.649007795134258,70.2894707488865
WEATHER,24,72,65,LSTM,baseline,40.445397623396566,12.754944665641508,70.33505344767345
WEATHER,24,72,66,LSTM,baseline,40.59559799372644,12.851813929227712,70.38173925769388
WEATHER,24,72,67,LSTM,baseline,40.68583232546808,12.93005525419935,70.4151959057627
WEATHER,24,72,68,LSTM,baseline,40.80449875851328,12.984898905642623,70.46009810050624
WEATHER,24,72,69,LSTM,baseline,40.942758396017055,13.019137839508566,70.51667841693249
WEATHER,24,72,70,CNN,baseline,41.03653829547191,13.57933821498481,71.11375174172981
WEATHER,24,72,71,CNN,baseline,40.79426937459403,13.405291204965032,71.20897754009312
WEATHER,24,72,72,CNN,baseline,40.81119764986197,13.503930706858506,71.2941036570443
WEATHER,72,12,1,CNN,baseline,23.53226864142693,7.301177947801247,58.54187018377357
WEATHER,72,12,2,CNN,baseline,26.823653567849902,7.713025223898228,61.127249003512304
WEATHER,72,12,3,CNN,baseline,29.710572296591216,8.736341483352236,62.71170754736629
WEATHER,72,12,4,CNN,baseline,32.16525753656975,9.568515060181882,63.72081020156053
WEATHER,72,12,5,CNN,baseline,34.2019114324147,10.373515575746936,64.59307459229699
WEATHER,72,12,6,CNN,baseline,34.94648524214477,10.5693397622435,65.39478552029266
WEATHER,72,12,7,CNN,baseline,35.32688720624606,10.705182532718664,65.8859605044633
WEATHER,72,12,8,CNN,baseline,35.60428338510071,10.542980861470308,66.08327875224983
WEATHER,72,12,9,CNN,baseline,36.02563676895124,10.840276885358728,66.41951076879863
WEATHER,72,12,10,CNN,baseline,36.59392398668376,11.332033989159104,66.76005413699639
WEATHER,72,12,11,CNN,baseline,36.96173978628456,11.609099281681615,67.35707488054071
WEATHER,72,12,12,CNN,baseline,37.51203378713934,12.038267055891351,67.80560853965628
WEATHER,72,24,1,CNN,baseline,24.92951178494143,7.92805413845552,61.26092256367651
WEATHER,72,24,2,CNN,baseline,28.614356849231065,8.812543874483337,63.16387437995561
WEATHER,72,24,3,CNN,baseline,31.380821174618667,9.758601157771354,64.41435400317413
WEATHER,72,24,4,dCeNN+ELM+ASP,asp,33.16444674498191,9.133531747276937,39.504574397640525
WEATHER,72,24,5,dCeNN+ELM+ASP,asp,34.03577125729057,9.390963915389264,40.38942720708232
WEATHER,72,24,6,dCeNN+ELM+ASP,asp,34.85527348511899,9.682952103111226,41.241750015232206
WEATHER,72,24,7,dCeNN+ELM+ASP,asp,35.34105681397519,9.931953874063428,42.26810200469333
WEATHER,72,24,8,dCeNN+ELM+ASP,asp,35.56535528427605,10.060448487090431,42.91801950122037
WEATHER,72,24,9,dCeNN+ELM+ASP,asp,35.65878447703086,10.097010476035182,43.31057899314323
WEATHER,72,24,10,dCeNN+ELM+ASP,asp,35.8692097998638,10.169883760618225,43.724949537278064
WEATHER,72,24,11,dCeNN+ELM+ASP,asp,35.99422221824206,10.265669537691162,44.01121781856244
WEATHER,72,24,12,dCeNN+ELM+ASP,asp,36.1584725106804,10.329250643363544,44.22125526647469
WEATHER,72,24,13,dCeNN+ELM+ASP,asp,36.31607208934012,10.376691131119326,44.6819093222698
WEATHER,72,24,14,dCeNN+ELM+ASP,asp,36.4312553042984,10.476845800896657,45.071152291729696
WEATHER,72,24,15,dCeNN+ELM+ASP,asp,36.55621696467529,10.573039153107464,45.20210895767894
WEATHER,72,24,16,dCeNN+ELM+ASP,asp,36.84267627042962,10.695848958293322,45.436323164041305
WEATHER,72,24,17,dCeNN+ELM+ASP,asp,37.0726179079657,10.776402211598642,45.18444436758243
WEATHER,72,24,18,dCeNN+ELM+ASP,asp,37.248658153074224,10.795937293000687,45.24862037696452
WEATHER,72,24,19,dCeNN+ELM+ASP,asp,37.354002508398494,10.875739015336851,45.92371923805793
WEATHER,72,24,20,dCeNN+ELM+ASP,asp,37.3765806916673,10.90868539730371,45.94789157314862
WEATHER,72,24,21,dCeNN+ELM+ASP,asp,37.523782978549065,10.960215501360342,46.19300338128727
WEATHER,72,24,22,dCeNN+ELM+ASP,asp,37.78236136146538,11.102423312666351,46.68526161464971
WEATHER,72,24,23,dCeNN+ELM+ASP,asp,37.766176837161,11.154158845219518,46.66383731255646
WEATHER,72,24,24,dCeNN+ELM+ASP,asp,37.81474207254246,11.184074726478098,47.183526353383286
WEATHER,72,72,1,CNN,baseline,27.93256620455126,9.397051110927851,64.90980355526453
WEATHER,72,72,2,CNN,baseline,30.77573620931587,10.10642151472076,65.72726695108761
WEATHER,72,72,3,dCeNN+ELM+ASP,asp,32.528595563649446,8.861912651150263,38.354959261728496
WEATHER,72,72,4,dCeNN+ELM+ASP,asp,33.7220611994818,9.213618059674529,39.53348044872111
WEATHER,72,72,5,dCeNN+ELM+ASP,asp,34.63700988704334,9.503415633250464,40.73723906856303
WEATHER,72,72,6,dCeNN+ELM+ASP,asp,35.36320440252842,9.785960448068414,41.71123882607481
WEATHER,72,72,7,dCeNN+ELM+ASP,asp,35.830753381417246,9.97637641083336,42.17190943219216
WEATHER,72,72,8,dCeNN+ELM+ASP,asp,36.19884504850813,10.130121412652944,43.06604261115857
WEATHER,72,72,9,dCeNN+ELM+ASP,asp,36.54518791415495,10.29862827022085,43.2150984121627
WEATHER,72,72,10,dCeNN+ELM+ASP,asp,36.8236565523084,10.425316581410188,43.56717355442181
WEATHER,72,72,11,dCeNN+ELM+ASP,asp,36.91892427708912,10.443482659164156,43.74520356757768
WEATHER,72,72,12,dCeNN+ELM+ASP,asp,36.97784768737361,10.454640947919126,44.18682786522765
WEATHER,72,72,13,dCeNN+ELM+ASP,asp,37.03235040422584,10.51436233207032,44.50157172273134
WEATHER,72,72,14,dCeNN+ELM+ASP,asp,37.1647810315618,10.60834534760767,45.16862161898064
WEATHER,72,72,15,dCeNN+ELM+ASP,asp,37.30655097641532,10.70097390297692,45.43153230641861
WEATHER,72,72,16,dCeNN+ELM+ASP,asp,37.501466505214,10.76172711145465,45.45868389393164
WEATHER,72,72,17,dCeNN+ELM+ASP,asp,37.52956333816865,10.78595214400876,45.74963885757144
WEATHER,72,72,18,dCeNN+ELM+ASP,asp,37.52659243025859,10.848182497559156,46.11056076356465
WEATHER,72,72,19,dCeNN+ELM+ASP,asp,37.54044527709631,10.895602487348016,46.17872348320088
WEATHER,72,72,20,dCeNN+ELM+ASP,asp,37.64265716410135,10.962991151516606,46.49644830865129
WEATHER,72,72,21,dCeNN+ELM+ASP,asp,37.60799689769328,10.986780927724576,46.44926981279535
WEATHER,72,72,22,dCeNN+ELM+ASP,asp,37.69405228200888,11.015606811880684,46.977613820412095
WEATHER,72,72,23,dCeNN+ELM+ASP,asp,37.80342145481959,11.054587504599477,47.41355787291371
WEATHER,72,72,24,dCeNN+ELM+ASP,asp,37.963120881790125,11.159377748603498,47.522294140420655
WEATHER,72,72,25,dCeNN+ELM+ASP,asp,38.05182283871915,11.216863758917595,47.98312537443057
WEATHER,72,72,26,dCeNN+ELM+ASP,asp,38.21557344761582,11.28214214129548,48.15874323128405
WEATHER,72,72,27,dCeNN+ELM+ASP,asp,38.31463585543127,11.319618953625945,48.511585151060046
WEATHER,72,72,28,dCeNN+ELM+ASP,asp,38.366594741412,11.35499936964008,48.72606873651785
WEATHER,72,72,29,dCeNN+ELM+ASP,asp,38.51655890896127,11.447059370960748,48.75661065059455
WEATHER,72,72,30,dCeNN+ELM+ASP,asp,38.65193878981108,11.54164958664939,48.669155385276326
WEATHER,72,72,31,dCeNN+ELM+ASP,asp,38.84394217596329,11.609063729621363,48.956820859702574
WEATHER,72,72,32,dCeNN+ELM+ASP,asp,38.90805231813248,11.653091538744478,49.01750543426677
WEATHER,72,72,33,dCeNN+ELM+ASP,asp,38.86897582930435,11.6563076388557,49.1025432121364
WEATHER,72,72,34,dCeNN+ELM+ASP,asp,38.90649888447312,11.677578825833464,48.8786326097842
WEATHER,72,72,35,dCeNN+ELM+ASP,asp,39.0242447602348,11.723588481457693,49.14591082204943
WEATHER,72,72,36,dCeNN+ELM+ASP,asp,39.14917473162044,11.743988408112328,49.20309711241556
WEATHER,72,72,37,dCeNN+ELM+ASP,asp,39.32185578217566,11.809019038735476,49.517835992212085
WEATHER,72,72,38,dCeNN+ELM+ASP,asp,39.46413310017184,11.902147917758054,49.793378813193776
WEATHER,72,72,39,dCeNN+ELM+ASP,asp,39.662483150847066,11.944902501790995,50.020694063224994
WEATHER,72,72,40,dCeNN+ELM+ASP,asp,39.93524314435507,12.032040886357864,50.181110573850106
WEATHER,72,72,41,dCeNN+ELM+ASP,asp,39.82578959497142,11.971617926304388,50.26197420458541
WEATHER,72,72,42,dCeNN+ELM+ASP,asp,39.73167577986233,11.965189991016596,50.22444560045103
WEATHER,72,72,43,dCeNN+ELM+ASP,asp,39.72251866291562,11.986831532969823,50.56955178974125
WEATHER,72,72,44,dCeNN+ELM+ASP,asp,39.848699574070565,12.029382335753832,50.48356671122247
WEATHER,72,72,45,dCeNN+ELM+ASP,asp,39.938174940115616,12.073368830493562,50.62654878476819
WEATHER,72,72,46,dCeNN+ELM+ASP,asp,39.953345664767184,12.04396840535664,50.990675800476296
WEATHER,72,72,47,dCeNN+ELM+ASP,asp,40.10453560510717,12.073219130783365,50.86702007325904
WEATHER,72,72,48,dCeNN+ELM+ASP,asp,40.22163704821974,12.128449274115932,50.634054135963936
WEATHER,72,72,49,dCeNN+ELM+ASP,asp,40.16570743772795,12.189432288993924,50.82461055690074
WEATHER,72,72,50,dCeNN+ELM+ASP,asp,40.2813496510759,12.211718861972654,50.78030645091566
WEATHER,72,72,51,dCeNN+ELM+ASP,asp,40.55626849477036,12.233915733526125,50.89888099602976
WEATHER,72,72,52,dCeNN+ELM+ASP,asp,40.65607199838191,12.28597114804072,50.85493617235194
WEATHER,72,72,53,dCeNN+ELM+ASP,asp,40.60673683616705,12.29743081857759,50.9668762212284
WEATHER,72,72,54,dCeNN+ELM+ASP,asp,40.61972750886473,12.355936144088991,50.907669789315854
WEATHER,72,72,55,dCeNN+ELM+ASP,asp,40.71471403163942,12.37527485919702,50.7907221133198
WEATHER,72,72,56,dCeNN+ELM+ASP,asp,40.5388218971068,12.317229702421164,50.74622710114933
WEATHER,72,72,57,dCeNN+ELM+ASP,asp,40.2963182167959,12.308971994301164,50.99981753211613
WEATHER,72,72,58,dCeNN+ELM+ASP,asp,40.09002911147826,12.298321632974757,51.22295095542973
WEATHER,72,72,59,dCeNN+ELM+ASP,asp,40.01028664634039,12.278655660164318,51.08425685665895
WEATHER,72,72,60,dCeNN+ELM+ASP,asp,40.0489477712436,12.308933594635445,50.98950219334417
WEATHER,72,72,61,dCeNN+ELM+ASP,asp,40.18469197822966,12.328570509969632,50.80061200665229
WEATHER,72,72,62,dCeNN+ELM+ASP,asp,40.27943362615696,12.330489549944277,50.78957171004696
WEATHER,72,72,63,dCeNN+ELM+ASP,asp,40.37214424664476,12.34505817659902,50.94932607929734
WEATHER,72,72,64,dCeNN+ELM+ASP,asp,40.40754351592459,12.384238571754029,50.95478651107221
WEATHER,72,72,65,dCeNN+ELM+ASP,asp,40.302204566818496,12.3364754403407,51.23111551073335
WEATHER,72,72,66,dCeNN+ELM+ASP,asp,40.27035917041205,12.308085246141053,51.25684428693501
WEATHER,72,72,67,dCeNN+ELM+ASP,asp,40.34035277366534,12.34540248162465,51.29485621376555
WEATHER,72,72,68,dCeNN+ELM+ASP,asp,40.35561343242195,12.366525284441508,51.198489201530485
WEATHER,72,72,69,dCeNN+ELM+ASP,asp,40.28823919701985,12.393502979152927,51.284931146964254
WEATHER,72,72,70,dCeNN+ELM+ASP,asp,40.21761980876939,12.397998472072208,51.545438470040416
WEATHER,72,72,71,dCeNN+ELM+ASP,asp,40.198622126027495,12.375955460025994,51.56477141281771
WEATHER,72,72,72,dCeNN+ELM+ASP,asp,40.237670757968175,12.435598887496502,51.83345005728363
WEATHER,168,12,1,CNN,baseline,23.996620524542774,7.585298999080792,59.17884422430088
WEATHER,168,12,2,CNN,baseline,27.754447850802134,8.475301940558845,61.34217753375813
WEATHER,168,12,3,CNN,baseline,30.82339378563513,9.560617435204495,62.815564542079386
WEATHER,168,12,4,LSTM,baseline,32.61352197456894,9.11342224065742,63.79693469213561
WEATHER,168,12,5,LSTM,baseline,33.901291352546,9.42549306684495,64.51717131878533
WEATHER,168,12,6,LSTM,baseline,34.99637551912044,9.736803228852317,65.16442567142678
WEATHER,168,12,7,CNN,baseline,35.641012395860386,10.714411821637457,65.79982128353296
WEATHER,168,12,8,CNN,baseline,35.8744104094648,10.65243542813332,66.29545049190743
WEATHER,168,12,9,CNN,baseline,36.25057062093377,10.841456590364038,66.45474343641786
WEATHER,168,12,10,CNN,baseline,36.533447492256215,11.089322472125804,66.94522031890838
WEATHER,168,12,11,CNN,baseline,36.64993643268969,10.828277326939766,66.91086832774926
WEATHER,168,12,12,CNN,baseline,37.28089193820934,11.357887813991823,67.29818047556364
WEATHER,168,24,1,CNN,baseline,25.599792635902105,8.405413100495295,60.72271673726879
WEATHER,168,24,2,CNN,baseline,29.740459964045264,9.702138279381373,62.51607284255967
WEATHER,168,24,3,CNN,baseline,32.08402394236945,10.21765541988606,63.65666735262823
WEATHER,168,24,4,CNN,baseline,33.57844396821178,10.574433690820529,64.43232125264615
WEATHER,168,24,5,CNN,baseline,34.63995195098185,10.819701502795844,65.13745271080239
WEATHER,168,24,6,LSTM,baseline,35.79249818035717,10.574550224953972,65.64693087281549
WEATHER,168,24,7,LSTM,baseline,36.25023891333614,10.707300976712691,66.13097831134908
WEATHER,168,24,8,LSTM,baseline,36.56391953143707,10.895208382719725,66.58992961729795
WEATHER,168,24,9,LSTM,baseline,36.73608826740948,10.991718576333666,66.88706454541544
WEATHER,168,24,10,CNN,baseline,36.85133592372815,11.290524856131585,67.11305853729918
WEATHER,168,24,11,LSTM,baseline,36.926828111096505,10.925661913423372,67.29321157104896
WEATHER,168,24,12,LSTM,baseline,37.07841442268331,10.901632978950245,67.46329006919474
WEATHER,168,24,13,LSTM,baseline,37.298676108886326,10.951929146648569,67.66866213029869
WEATHER,168,24,14,LSTM,baseline,37.681872350269366,11.111161325629164,67.94262767315176
WEATHER,168,24,15,CNN,baseline,38.00014102558613,11.740433174879994,68.29971943154749
WEATHER,168,24,16,CNN,baseline,38.60939732493686,12.09263773819667,68.62400500642399
WEATHER,168,24,17,CNN,baseline,38.65056948892569,12.223253210401417,68.69290997427606
WEATHER,168,24,18,CNN,baseline,38.44962030816572,12.181121022499228,68.69309835147465
WEATHER,168,24,19,CNN,baseline,38.40808690180938,12.270409287946158,68.55786633384578
WEATHER,168,24,20,CNN,baseline,38.00300410374295,12.118412392421233,68.57533539473111
WEATHER,168,24,21,CNN,baseline,38.514509464926114,12.723251068844432,68.7402536502667
WEATHER,168,24,22,CNN,baseline,38.45552920108146,12.732004772786173,68.79027306836447
WEATHER,168,24,23,CNN,baseline,38.41957466707404,12.404372753520938,68.5919172285499
WEATHER,168,24,24,CNN,baseline,38.11527441829057,12.078680618496094,68.47358244354156
WEATHER,168,72,1,CNN,baseline,28.41937746415397,9.643132312773885,63.96572259287502
WEATHER,168,72,2,CNN,baseline,31.247320183143817,10.355407491544844,65.26973962382334
WEATHER,168,72,3,CNN,baseline,33.35270806702236,10.70073628660274,65.9526488495286
WEATHER,168,72,4,CNN,baseline,35.126582621141665,11.58201932012589,66.42364963758217
WEATHER,168,72,5,CNN,baseline,35.72283140621145,11.486670851881668,66.85813153970321
WEATHER,168,72,6,CNN,baseline,36.62671927786017,11.801735978489528,67.48357115469216
WEATHER,168,72,7,CNN,baseline,37.14710114557671,12.06971063277708,67.57995491671616
WEATHER,168,72,8,CNN,baseline,37.33575249945833,11.94569461579354,68.01388542598148
WEATHER,168,72,9,CNN,baseline,37.53249200791271,11.982522856325074,67.96227465604892
WEATHER,168,72,10,CNN,baseline,37.77364967968676,11.925746013657234,68.2647695470735
WEATHER,168,72,11,LSTM,baseline,38.20514467848953,11.977114075028592,68.77462661611244
WEATHER,168,72,12,LSTM,baseline,38.5037951478979,12.120314076528134,68.92903885718829
WEATHER,168,72,13,LSTM,baseline,38.77910701157895,12.20834876611033,69.07583582802116
WEATHER,168,72,14,LSTM,baseline,38.99527190452646,12.239415117614389,69.1855716018957
WEATHER,168,72,15,LSTM,baseline,39.10178420344512,12.231482184355109,69.22580484953248
WEATHER,168,72,16,LSTM,baseline,39.10727394025967,12.214692935963363,69.20201957434445
WEATHER,168,72,17,CNN,baseline,38.973514480989664,12.642349772645474,68.91166003280259
WEATHER,168,72,18,CNN,baseline,38.586315941746335,12.41950198891286,69.14461472049042
WEATHER,168,72,19,CNN,baseline,38.7109196216952,12.551144048808249,68.91360141527267
WEATHER,168,72,20,CNN,baseline,38.79174251437675,12.61001390913702,69.11197656260177
WEATHER,168,72,21,CNN,baseline,38.715733729018254,12.49712740345945,69.02947639610655
WEATHER,168,72,22,CNN,baseline,38.53997964352755,12.283098899113282,69.19001142410572
WEATHER,168,72,23,CNN,baseline,38.940479002914735,12.394310111540443,69.12006267579697
WEATHER,168,72,24,CNN,baseline,38.95195540293776,12.377717675149349,69.03197906666149
WEATHER,168,72,25,CNN,baseline,39.02857187447084,12.539389071864962,69.07644708506334
WEATHER,168,72,26,LSTM,baseline,39.258281188351376,12.327406072834975,69.19653171220007
WEATHER,168,72,27,CNN,baseline,39.25284821362981,12.806627183012022,69.1853798418468
WEATHER,168,72,28,CNN,baseline,39.26986177643875,12.9076697064954,69.16641288698764
WEATHER,168,72,29,CNN,baseline,39.55768265559063,13.098433113298908,69.42312939970782
WEATHER,168,72,30,CNN,baseline,39.24491209004337,12.993335862426395,69.49939221864774
WEATHER,168,72,31,CNN,baseline,39.433945783213645,13.016647953441478,69.5179866330002
WEATHER,168,72,32,CNN,baseline,39.37750863865265,13.014520222420549,69.42588335942226
WEATHER,168,72,33,CNN,baseline,39.56200616568021,13.065621156911726,69.76422368372285
WEATHER,168,72,34,CNN,baseline,39.79137461716458,13.199885721756557,69.9136888464707
WEATHER,168,72,35,CNN,baseline,39.99270574307964,13.393973702940194,69.99427085349065
WEATHER,168,72,36,CNN,baseline,40.345206719418606,13.450987390853433,70.21133638816268
WEATHER,168,72,37,CNN,baseline,40.59415954199039,13.660241539467265,70.353831205072
WEATHER,168,72,38,CNN,baseline,40.405880872007415,13.416740522886876,70.37303990701731
WEATHER,168,72,39,CNN,baseline,40.63904864695089,13.827026112377329,70.21228920893972
WEATHER,168,72,40,CNN,baseline,40.65961551222401,13.70560298646934,70.28579751443513
WEATHER,168,72,41,CNN,baseline,40.76104678985646,13.71616147999347,70.16418417915823
WEATHER,168,72,42,CNN,baseline,40.57381157379421,13.620687624842107,70.14146629747442
WEATHER,168,72,43,CNN,baseline,40.63157488237845,13.413065171470963,70.48761797199768
WEATHER,168,72,44,CNN,baseline,40.51024990295486,13.360545948570364,70.3869956251555
WEATHER,168,72,45,CNN,baseline,41.142209288847965,13.67606816067077,70.37374579643426
WEATHER,168,72,46,CNN,baseline,40.95742873144864,13.52518601620371,70.5058257070118
WEATHER,168,72,47,LSTM,baseline,41.448592224742335,12.96475142159679,70.32650072354598
WEATHER,168,72,48,LSTM,baseline,41.48124417693235,12.983089877058068,70.37369361811952
WEATHER,168,72,49,LSTM,baseline,41.46157668083922,13.07135609455403,70.45760521864536
WEATHER,168,72,50,LSTM,baseline,41.440846732020965,13.18511227268081,70.51755426782499
WEATHER,168,72,51,LSTM,baseline,41.39795767418933,13.2862952948727,70.56756801432466
WEATHER,168,72,52,LSTM,baseline,41.44003409402908,13.380008409431513,70.70366147612035
WEATHER,168,72,53,CNN,baseline,41.30980980547513,13.77224633899357,70.78396945964562
WEATHER,168,72,54,CNN,baseline,41.25009288756845,13.805138138502038,70.56612349004338
WEATHER,168,72,55,CNN,baseline,41.34843970221735,13.806140011257856,70.86399012715881
WEATHER,168,72,56,CNN,baseline,40.95181785558315,13.65425934269181,70.67951733725081
WEATHER,168,72,57,CNN,baseline,41.04115725154919,13.592134394477329,70.65287823433003
WEATHER,168,72,58,CNN,baseline,41.27897006297247,13.62777900837155,70.65640893292976
WEATHER,168,72,59,CNN,baseline,41.288828027452944,13.732138680050134,70.8405095490977
WEATHER,168,72,60,CNN,baseline,41.3462132333233,13.696561710108345,70.8126959558016
WEATHER,168,72,61,CNN,baseline,41.37939823967356,13.78914645505676,70.81873349591892
WEATHER,168,72,62,CNN,baseline,41.37551243511528,13.799006322791003,70.78796536062856
WEATHER,168,72,63,CNN,baseline,41.764555019192585,14.315632686636182,70.88288593211595
WEATHER,168,72,64,CNN,baseline,41.851881326650506,14.246087980063676,71.27335291819041
WEATHER,168,72,65,CNN,baseline,41.50450266639632,14.220188008356162,71.18732170391098
WEATHER,168,72,66,CNN,baseline,41.43533952988859,14.061371588439613,71.34496206999756
WEATHER,168,72,67,CNN,baseline,41.61577609489718,14.096023694548954,71.45037863993579
WEATHER,168,72,68,CNN,baseline,41.51517189326735,13.909551781053455,71.49695362910033
WEATHER,168,72,69,CNN,baseline,41.6111460352646,13.805757182015988,71.7638466637689
WEATHER,168,72,70,CNN,baseline,41.742412967217234,13.968398786859584,71.71296233567713
WEATHER,168,72,71,CNN,baseline,42.190270093947326,14.13367943628058,71.47591529676029
WEATHER,168,72,72,CNN,baseline,42.12873443545111,14.130731536576308,71.4277863200306
